ISO-10303-21;
HEADER;
/* Generated by software containing ST-Developer
 * from STEP Tools, Inc. (www.steptools.com) 
 */

FILE_DESCRIPTION(
/* description */ (''),
/* implementation_level */ '2;1');

FILE_NAME(
/* name */ 'adamaas-nomad-stand.step',
/* time_stamp */ '2026-09-15T11:54:11-04:00',
/* author */ (''),
/* organization */ (''),
/* preprocessor_version */ 'ST-DEVELOPER v20.1',
/* originating_system */ 'Autodesk Translation Framework v15.8.0.0',
/* authorisation */ '');

FILE_SCHEMA (('AUTOMOTIVE_DESIGN { 1 0 10303 214 3 1 1 }'));
ENDSEC;

DATA;
#10=MECHANICAL_DESIGN_GEOMETRIC_PRESENTATION_REPRESENTATION('',(#17),#3925);
#11=ITEM_DEFINED_TRANSFORMATION($,$,#2297,#2444);
#12=(
REPRESENTATION_RELATIONSHIP($,$,#3936,#3935)
REPRESENTATION_RELATIONSHIP_WITH_TRANSFORMATION(#11)
SHAPE_REPRESENTATION_RELATIONSHIP()
);
#13=CONTEXT_DEPENDENT_SHAPE_REPRESENTATION(#12,#3934);
#14=NEXT_ASSEMBLY_USAGE_OCCURRENCE('Stand:1','Stand:1','Stand:1',#3938,
#3939,'Stand:1');
#15=SHAPE_REPRESENTATION_RELATIONSHIP('SRR','None',#3936,#16);
#16=ADVANCED_BREP_SHAPE_REPRESENTATION('',(#18),#3924);
#17=STYLED_ITEM('',(#3950),#18);
#18=MANIFOLD_SOLID_BREP('Body1',#2283);
#19=ELLIPSE('',#2350,3.60799414596799,2.29999904945162);
#20=ELLIPSE('',#2353,3.60798250010702,2.30007920231725);
#21=ELLIPSE('',#2354,3.6079941459744,2.29999904946129);
#22=ELLIPSE('',#2359,3.60798250010747,2.30007920231769);
#23=B_SPLINE_CURVE_WITH_KNOTS('',3,(#3250,#3251,#3252,#3253,#3254,#3255,
#3256),.UNSPECIFIED.,.F.,.F.,(4,3,4),(0.,0.0167512898164896,0.03341649067496),
 .UNSPECIFIED.);
#24=B_SPLINE_CURVE_WITH_KNOTS('',3,(#3260,#3261,#3262,#3263,#3264,#3265),
 .UNSPECIFIED.,.F.,.F.,(4,2,4),(1.26119575846611E-10,0.0173239729206895,
0.0346473835513517),.UNSPECIFIED.);
#25=B_SPLINE_CURVE_WITH_KNOTS('',3,(#3266,#3267,#3268,#3269,#3270,#3271),
 .UNSPECIFIED.,.F.,.F.,(4,2,4),(-0.215873972089137,-0.105592576334017,0.),
 .UNSPECIFIED.);
#26=B_SPLINE_CURVE_WITH_KNOTS('',3,(#3276,#3277,#3278,#3279,#3280,#3281),
 .UNSPECIFIED.,.F.,.F.,(4,2,4),(9.07401375082477E-13,0.0173245910386255,
0.0346497455222537),.UNSPECIFIED.);
#27=B_SPLINE_CURVE_WITH_KNOTS('',3,(#3285,#3286,#3287,#3288,#3289,#3290),
 .UNSPECIFIED.,.F.,.F.,(4,2,4),(1.96871009017861E-5,0.0173280129239144,
0.0346508489972416),.UNSPECIFIED.);
#28=B_SPLINE_CURVE_WITH_KNOTS('',3,(#3294,#3295,#3296,#3297,#3298,#3299),
 .UNSPECIFIED.,.F.,.F.,(4,2,4),(0.,0.0173227502541622,0.0346309686410349),
 .UNSPECIFIED.);
#29=B_SPLINE_CURVE_WITH_KNOTS('',3,(#3327,#3328,#3329,#3330,#3331,#3332),
 .UNSPECIFIED.,.F.,.F.,(4,2,4),(0.,0.0173245748093903,0.0346497118204017),
 .UNSPECIFIED.);
#30=B_SPLINE_CURVE_WITH_KNOTS('',3,(#3336,#3337,#3338,#3339,#3340,#3341,
#3342),.UNSPECIFIED.,.F.,.F.,(4,3,4),(0.,0.0166641883742795,0.0334157398239072),
 .UNSPECIFIED.);
#31=B_SPLINE_CURVE_WITH_KNOTS('',3,(#3343,#3344,#3345,#3346,#3347,#3348),
 .UNSPECIFIED.,.F.,.F.,(4,2,4),(-0.215716675717462,-0.110201039317166,0.),
 .UNSPECIFIED.);
#32=B_SPLINE_CURVE_WITH_KNOTS('',3,(#3353,#3354,#3355,#3356,#3357,#3358),
 .UNSPECIFIED.,.F.,.F.,(4,2,4),(1.96970363625242E-5,0.0173279963169533,
0.0346508135942848),.UNSPECIFIED.);
#33=B_SPLINE_CURVE_WITH_KNOTS('',3,(#3366,#3367,#3368,#3369,#3370,#3371),
 .UNSPECIFIED.,.F.,.F.,(4,2,4),(-0.233241565799081,-0.118896294008569,0.),
 .UNSPECIFIED.);
#34=B_SPLINE_CURVE_WITH_KNOTS('',3,(#3374,#3375,#3376,#3377,#3378,#3379),
 .UNSPECIFIED.,.F.,.F.,(4,2,4),(-0.232229360279986,-0.113849044135924,0.),
 .UNSPECIFIED.);
#35=B_SPLINE_CURVE_WITH_KNOTS('',3,(#3399,#3400,#3401,#3402,#3403,#3404,
#3405),.UNSPECIFIED.,.F.,.F.,(4,3,4),(0.,0.0167533031565882,0.033419902281369),
 .UNSPECIFIED.);
#36=B_SPLINE_CURVE_WITH_KNOTS('',3,(#3409,#3410,#3411,#3412,#3413,#3414),
 .UNSPECIFIED.,.F.,.F.,(4,2,4),(1.27554296314746E-10,0.0173239913265729,
0.0346474191175223),.UNSPECIFIED.);
#37=B_SPLINE_CURVE_WITH_KNOTS('',3,(#3415,#3416,#3417,#3418,#3419,#3420),
 .UNSPECIFIED.,.F.,.F.,(4,2,4),(-0.215883849001014,-0.105594816825386,0.),
 .UNSPECIFIED.);
#38=B_SPLINE_CURVE_WITH_KNOTS('',3,(#3436,#3437,#3438,#3439,#3440,#3441,
#3442),.UNSPECIFIED.,.F.,.F.,(4,3,4),(0.,0.0166656941434713,0.0334191512113084),
 .UNSPECIFIED.);
#39=B_SPLINE_CURVE_WITH_KNOTS('',3,(#3460,#3461,#3462,#3463,#3464,#3465),
 .UNSPECIFIED.,.F.,.F.,(4,2,4),(-0.215726815045942,-0.11020880791139,0.),
 .UNSPECIFIED.);
#40=B_SPLINE_CURVE_WITH_KNOTS('',3,(#3483,#3484,#3485,#3486,#3487,#3488),
 .UNSPECIFIED.,.F.,.F.,(4,2,4),(0.,0.013023214299403,0.0260373119141614),
 .UNSPECIFIED.);
#41=B_SPLINE_CURVE_WITH_KNOTS('',3,(#3489,#3490,#3491,#3492),
 .UNSPECIFIED.,.F.,.F.,(4,4),(0.891906913523185,1.59682825798048),
 .UNSPECIFIED.);
#42=B_SPLINE_CURVE_WITH_KNOTS('',3,(#3510,#3511,#3512,#3513,#3514,#3515),
 .UNSPECIFIED.,.F.,.F.,(4,2,4),(9.22976770794807E-6,0.0130233588732238,
0.0260466046860413),.UNSPECIFIED.);
#43=B_SPLINE_CURVE_WITH_KNOTS('',3,(#3516,#3517,#3518,#3519,#3520,#3521),
 .UNSPECIFIED.,.F.,.F.,(4,2,4),(0.,0.140791749565663,0.274454283986534),
 .UNSPECIFIED.);
#44=B_SPLINE_CURVE_WITH_KNOTS('',3,(#3540,#3541,#3542,#3543,#3544,#3545),
 .UNSPECIFIED.,.F.,.F.,(4,2,4),(9.23010980638321E-6,0.0130252362836586,
0.0260503567085873),.UNSPECIFIED.);
#45=B_SPLINE_CURVE_WITH_KNOTS('',3,(#3547,#3548,#3549,#3550,#3551,#3552),
 .UNSPECIFIED.,.F.,.F.,(4,2,4),(-0.233226852966081,-0.118886191605496,0.),
 .UNSPECIFIED.);
#46=B_SPLINE_CURVE_WITH_KNOTS('',3,(#3554,#3555,#3556,#3557,#3558,#3559),
 .UNSPECIFIED.,.F.,.F.,(4,2,4),(0.,0.0173227690643882,0.0346310140028563),
 .UNSPECIFIED.);
#47=B_SPLINE_CURVE_WITH_KNOTS('',3,(#3560,#3561,#3562,#3563,#3564,#3565),
 .UNSPECIFIED.,.F.,.F.,(4,2,4),(0.,0.140779251042314,0.274436936575811),
 .UNSPECIFIED.);
#48=B_SPLINE_CURVE_WITH_KNOTS('',3,(#3570,#3571,#3572,#3573,#3574,#3575),
 .UNSPECIFIED.,.F.,.F.,(4,2,4),(-0.232215384032049,-0.11384478352597,0.),
 .UNSPECIFIED.);
#49=B_SPLINE_CURVE_WITH_KNOTS('',3,(#3593,#3594,#3595,#3596,#3597,#3598),
 .UNSPECIFIED.,.F.,.F.,(4,2,4),(0.,0.0130250889945195,0.0260410637600746),
 .UNSPECIFIED.);
#50=B_SPLINE_CURVE_WITH_KNOTS('',3,(#3599,#3600,#3601,#3602),
 .UNSPECIFIED.,.F.,.F.,(4,4),(0.892260594402845,1.59710741310325),
 .UNSPECIFIED.);
#51=B_SPLINE_SURFACE_WITH_KNOTS('',3,3,((#3232,#3233,#3234,#3235),(#3236,
#3237,#3238,#3239),(#3240,#3241,#3242,#3243),(#3244,#3245,#3246,#3247)),
 .UNSPECIFIED.,.F.,.F.,.F.,(4,4),(4,4),(-1.99622648514671E-6,1.),(1.54634283456951,
2.11953461402126),.UNSPECIFIED.);
#52=B_SPLINE_SURFACE_WITH_KNOTS('',3,3,((#3309,#3310,#3311,#3312),(#3313,
#3314,#3315,#3316),(#3317,#3318,#3319,#3320),(#3321,#3322,#3323,#3324)),
 .UNSPECIFIED.,.F.,.F.,.F.,(4,4),(4,4),(-1.99622638138812E-6,1.),(-2.11953461402127,
-1.54634283456951),.UNSPECIFIED.);
#53=B_SPLINE_SURFACE_WITH_KNOTS('',3,3,((#3381,#3382,#3383,#3384),(#3385,
#3386,#3387,#3388),(#3389,#3390,#3391,#3392),(#3393,#3394,#3395,#3396)),
 .UNSPECIFIED.,.F.,.F.,.F.,(4,4),(4,4),(-2.00080525478549E-6,1.),(1.5466319726574,
2.11987939411426),.UNSPECIFIED.);
#54=B_SPLINE_SURFACE_WITH_KNOTS('',3,3,((#3444,#3445,#3446,#3447),(#3448,
#3449,#3450,#3451),(#3452,#3453,#3454,#3455),(#3456,#3457,#3458,#3459)),
 .UNSPECIFIED.,.F.,.F.,.F.,(4,4),(4,4),(-2.00080526983924E-6,1.),(-2.11987939411426,
-1.5466319726574),.UNSPECIFIED.);
#55=B_SPLINE_SURFACE_WITH_KNOTS('',3,3,((#3466,#3467,#3468,#3469),(#3470,
#3471,#3472,#3473),(#3474,#3475,#3476,#3477),(#3478,#3479,#3480,#3481)),
 .UNSPECIFIED.,.F.,.F.,.F.,(4,4),(4,4),(0.,1.),(-1.59682826188697,-0.891906913523185),
 .UNSPECIFIED.);
#56=B_SPLINE_SURFACE_WITH_KNOTS('',3,3,((#3493,#3494,#3495,#3496),(#3497,
#3498,#3499,#3500),(#3501,#3502,#3503,#3504),(#3505,#3506,#3507,#3508)),
 .UNSPECIFIED.,.F.,.F.,.F.,(4,4),(4,4),(0.,1.),(0.891906913523181,1.59682826365399),
 .UNSPECIFIED.);
#57=B_SPLINE_SURFACE_WITH_KNOTS('',3,3,((#3522,#3523,#3524,#3525),(#3526,
#3527,#3528,#3529),(#3530,#3531,#3532,#3533),(#3534,#3535,#3536,#3537)),
 .UNSPECIFIED.,.F.,.F.,.F.,(4,4),(4,4),(0.,1.),(0.892260594402845,1.59710741896142),
 .UNSPECIFIED.);
#58=B_SPLINE_SURFACE_WITH_KNOTS('',3,3,((#3576,#3577,#3578,#3579),(#3580,
#3581,#3582,#3583),(#3584,#3585,#3586,#3587),(#3588,#3589,#3590,#3591)),
 .UNSPECIFIED.,.F.,.F.,.F.,(4,4),(4,4),(0.,1.),(-1.59710741713807,-0.892260594402845),
 .UNSPECIFIED.);
#59=CYLINDRICAL_SURFACE('',#2331,1.00000000000001);
#60=CYLINDRICAL_SURFACE('',#2334,1.00000000000001);
#61=CYLINDRICAL_SURFACE('',#2337,2.);
#62=CYLINDRICAL_SURFACE('',#2340,1.00000000000001);
#63=CYLINDRICAL_SURFACE('',#2343,1.);
#64=CYLINDRICAL_SURFACE('',#2356,2.74999999999999);
#65=CYLINDRICAL_SURFACE('',#2364,2.75000000000001);
#66=CIRCLE('',#2311,0.499999999999972);
#67=CIRCLE('',#2312,1.);
#68=CIRCLE('',#2315,0.499999999999968);
#69=CIRCLE('',#2316,1.00000000000001);
#70=CIRCLE('',#2319,2.50000000000002);
#71=CIRCLE('',#2320,2.);
#72=CIRCLE('',#2323,0.499999999999974);
#73=CIRCLE('',#2324,1.00000000000001);
#74=CIRCLE('',#2327,0.500000000000003);
#75=CIRCLE('',#2328,1.00000000000001);
#76=CIRCLE('',#2332,1.);
#77=CIRCLE('',#2335,1.00000000000001);
#78=CIRCLE('',#2338,2.);
#79=CIRCLE('',#2341,1.);
#80=CIRCLE('',#2344,1.);
#81=CIRCLE('',#2357,2.74999999999999);
#82=CIRCLE('',#2358,2.74999999999999);
#83=CIRCLE('',#2362,2.75000000000001);
#84=CIRCLE('',#2363,2.95);
#85=CIRCLE('',#2365,2.75000000000001);
#86=CIRCLE('',#2367,2.94999999999999);
#87=CIRCLE('',#2397,3.);
#88=CONICAL_SURFACE('',#2310,0.749999999999986,0.785398163397445);
#89=CONICAL_SURFACE('',#2314,0.749999999999987,0.785398163397436);
#90=CONICAL_SURFACE('',#2318,2.25000000000001,0.785398163397464);
#91=CONICAL_SURFACE('',#2322,0.749999999999992,0.785398163397436);
#92=CONICAL_SURFACE('',#2326,0.750000000000007,0.785398163397431);
#93=CONICAL_SURFACE('',#2361,2.85,0.785398163397437);
#94=CONICAL_SURFACE('',#2366,2.84999999999999,0.785398163397437);
#95=CONICAL_SURFACE('',#2394,1.,0.785398163397445);
#96=CONICAL_SURFACE('',#2396,2.5,0.785398163397449);
#97=CONICAL_SURFACE('',#2399,1.00000000000001,0.785398163397451);
#98=CONICAL_SURFACE('',#2401,1.,0.785398163397461);
#99=CONICAL_SURFACE('',#2405,1.,0.78539816339746);
#100=FACE_OUTER_BOUND('',#228,.T.);
#101=FACE_OUTER_BOUND('',#229,.T.);
#102=FACE_OUTER_BOUND('',#230,.T.);
#103=FACE_OUTER_BOUND('',#231,.T.);
#104=FACE_OUTER_BOUND('',#232,.T.);
#105=FACE_OUTER_BOUND('',#233,.T.);
#106=FACE_OUTER_BOUND('',#234,.T.);
#107=FACE_OUTER_BOUND('',#235,.T.);
#108=FACE_OUTER_BOUND('',#236,.T.);
#109=FACE_OUTER_BOUND('',#237,.T.);
#110=FACE_OUTER_BOUND('',#238,.T.);
#111=FACE_OUTER_BOUND('',#239,.T.);
#112=FACE_OUTER_BOUND('',#240,.T.);
#113=FACE_OUTER_BOUND('',#241,.T.);
#114=FACE_OUTER_BOUND('',#242,.T.);
#115=FACE_OUTER_BOUND('',#243,.T.);
#116=FACE_OUTER_BOUND('',#244,.T.);
#117=FACE_OUTER_BOUND('',#245,.T.);
#118=FACE_OUTER_BOUND('',#246,.T.);
#119=FACE_OUTER_BOUND('',#247,.T.);
#120=FACE_OUTER_BOUND('',#248,.T.);
#121=FACE_OUTER_BOUND('',#249,.T.);
#122=FACE_OUTER_BOUND('',#250,.T.);
#123=FACE_OUTER_BOUND('',#251,.T.);
#124=FACE_OUTER_BOUND('',#252,.T.);
#125=FACE_OUTER_BOUND('',#253,.T.);
#126=FACE_OUTER_BOUND('',#254,.T.);
#127=FACE_OUTER_BOUND('',#255,.T.);
#128=FACE_OUTER_BOUND('',#256,.T.);
#129=FACE_OUTER_BOUND('',#257,.T.);
#130=FACE_OUTER_BOUND('',#258,.T.);
#131=FACE_OUTER_BOUND('',#259,.T.);
#132=FACE_OUTER_BOUND('',#260,.T.);
#133=FACE_OUTER_BOUND('',#261,.T.);
#134=FACE_OUTER_BOUND('',#262,.T.);
#135=FACE_OUTER_BOUND('',#263,.T.);
#136=FACE_OUTER_BOUND('',#264,.T.);
#137=FACE_OUTER_BOUND('',#265,.T.);
#138=FACE_OUTER_BOUND('',#266,.T.);
#139=FACE_OUTER_BOUND('',#267,.T.);
#140=FACE_OUTER_BOUND('',#268,.T.);
#141=FACE_OUTER_BOUND('',#269,.T.);
#142=FACE_OUTER_BOUND('',#270,.T.);
#143=FACE_OUTER_BOUND('',#271,.T.);
#144=FACE_OUTER_BOUND('',#272,.T.);
#145=FACE_OUTER_BOUND('',#273,.T.);
#146=FACE_OUTER_BOUND('',#274,.T.);
#147=FACE_OUTER_BOUND('',#275,.T.);
#148=FACE_OUTER_BOUND('',#276,.T.);
#149=FACE_OUTER_BOUND('',#277,.T.);
#150=FACE_OUTER_BOUND('',#278,.T.);
#151=FACE_OUTER_BOUND('',#279,.T.);
#152=FACE_OUTER_BOUND('',#280,.T.);
#153=FACE_OUTER_BOUND('',#281,.T.);
#154=FACE_OUTER_BOUND('',#282,.T.);
#155=FACE_OUTER_BOUND('',#283,.T.);
#156=FACE_OUTER_BOUND('',#284,.T.);
#157=FACE_OUTER_BOUND('',#285,.T.);
#158=FACE_OUTER_BOUND('',#286,.T.);
#159=FACE_OUTER_BOUND('',#287,.T.);
#160=FACE_OUTER_BOUND('',#288,.T.);
#161=FACE_OUTER_BOUND('',#289,.T.);
#162=FACE_OUTER_BOUND('',#290,.T.);
#163=FACE_OUTER_BOUND('',#291,.T.);
#164=FACE_OUTER_BOUND('',#292,.T.);
#165=FACE_OUTER_BOUND('',#293,.T.);
#166=FACE_OUTER_BOUND('',#294,.T.);
#167=FACE_OUTER_BOUND('',#295,.T.);
#168=FACE_OUTER_BOUND('',#296,.T.);
#169=FACE_OUTER_BOUND('',#297,.T.);
#170=FACE_OUTER_BOUND('',#298,.T.);
#171=FACE_OUTER_BOUND('',#299,.T.);
#172=FACE_OUTER_BOUND('',#300,.T.);
#173=FACE_OUTER_BOUND('',#301,.T.);
#174=FACE_OUTER_BOUND('',#302,.T.);
#175=FACE_OUTER_BOUND('',#303,.T.);
#176=FACE_OUTER_BOUND('',#304,.T.);
#177=FACE_OUTER_BOUND('',#305,.T.);
#178=FACE_OUTER_BOUND('',#306,.T.);
#179=FACE_OUTER_BOUND('',#307,.T.);
#180=FACE_OUTER_BOUND('',#308,.T.);
#181=FACE_OUTER_BOUND('',#309,.T.);
#182=FACE_OUTER_BOUND('',#310,.T.);
#183=FACE_OUTER_BOUND('',#311,.T.);
#184=FACE_OUTER_BOUND('',#312,.T.);
#185=FACE_OUTER_BOUND('',#313,.T.);
#186=FACE_OUTER_BOUND('',#314,.T.);
#187=FACE_OUTER_BOUND('',#315,.T.);
#188=FACE_OUTER_BOUND('',#316,.T.);
#189=FACE_OUTER_BOUND('',#317,.T.);
#190=FACE_OUTER_BOUND('',#318,.T.);
#191=FACE_OUTER_BOUND('',#319,.T.);
#192=FACE_OUTER_BOUND('',#320,.T.);
#193=FACE_OUTER_BOUND('',#321,.T.);
#194=FACE_OUTER_BOUND('',#322,.T.);
#195=FACE_OUTER_BOUND('',#323,.T.);
#196=FACE_OUTER_BOUND('',#324,.T.);
#197=FACE_OUTER_BOUND('',#325,.T.);
#198=FACE_OUTER_BOUND('',#326,.T.);
#199=FACE_OUTER_BOUND('',#327,.T.);
#200=FACE_OUTER_BOUND('',#328,.T.);
#201=FACE_OUTER_BOUND('',#329,.T.);
#202=FACE_OUTER_BOUND('',#330,.T.);
#203=FACE_OUTER_BOUND('',#331,.T.);
#204=FACE_OUTER_BOUND('',#332,.T.);
#205=FACE_OUTER_BOUND('',#333,.T.);
#206=FACE_OUTER_BOUND('',#334,.T.);
#207=FACE_OUTER_BOUND('',#335,.T.);
#208=FACE_OUTER_BOUND('',#336,.T.);
#209=FACE_OUTER_BOUND('',#337,.T.);
#210=FACE_OUTER_BOUND('',#338,.T.);
#211=FACE_OUTER_BOUND('',#339,.T.);
#212=FACE_OUTER_BOUND('',#340,.T.);
#213=FACE_OUTER_BOUND('',#341,.T.);
#214=FACE_OUTER_BOUND('',#342,.T.);
#215=FACE_OUTER_BOUND('',#343,.T.);
#216=FACE_OUTER_BOUND('',#344,.T.);
#217=FACE_OUTER_BOUND('',#345,.T.);
#218=FACE_OUTER_BOUND('',#346,.T.);
#219=FACE_OUTER_BOUND('',#347,.T.);
#220=FACE_OUTER_BOUND('',#348,.T.);
#221=FACE_OUTER_BOUND('',#349,.T.);
#222=FACE_OUTER_BOUND('',#350,.T.);
#223=FACE_OUTER_BOUND('',#351,.T.);
#224=FACE_OUTER_BOUND('',#352,.T.);
#225=FACE_OUTER_BOUND('',#353,.T.);
#226=FACE_OUTER_BOUND('',#354,.T.);
#227=FACE_OUTER_BOUND('',#355,.T.);
#228=EDGE_LOOP('',(#1410,#1411,#1412,#1413));
#229=EDGE_LOOP('',(#1414,#1415,#1416,#1417));
#230=EDGE_LOOP('',(#1418,#1419,#1420,#1421));
#231=EDGE_LOOP('',(#1422,#1423,#1424,#1425));
#232=EDGE_LOOP('',(#1426,#1427,#1428,#1429));
#233=EDGE_LOOP('',(#1430,#1431,#1432,#1433,#1434,#1435,#1436,#1437));
#234=EDGE_LOOP('',(#1438,#1439,#1440,#1441));
#235=EDGE_LOOP('',(#1442,#1443,#1444,#1445));
#236=EDGE_LOOP('',(#1446,#1447,#1448,#1449));
#237=EDGE_LOOP('',(#1450,#1451,#1452,#1453,#1454,#1455,#1456,#1457,#1458));
#238=EDGE_LOOP('',(#1459,#1460,#1461,#1462,#1463,#1464));
#239=EDGE_LOOP('',(#1465,#1466,#1467,#1468));
#240=EDGE_LOOP('',(#1469,#1470,#1471,#1472));
#241=EDGE_LOOP('',(#1473,#1474,#1475,#1476));
#242=EDGE_LOOP('',(#1477,#1478,#1479,#1480));
#243=EDGE_LOOP('',(#1481,#1482,#1483,#1484));
#244=EDGE_LOOP('',(#1485,#1486,#1487,#1488));
#245=EDGE_LOOP('',(#1489,#1490,#1491,#1492));
#246=EDGE_LOOP('',(#1493,#1494,#1495,#1496));
#247=EDGE_LOOP('',(#1497,#1498,#1499,#1500));
#248=EDGE_LOOP('',(#1501,#1502,#1503,#1504));
#249=EDGE_LOOP('',(#1505,#1506,#1507,#1508));
#250=EDGE_LOOP('',(#1509,#1510,#1511,#1512,#1513,#1514,#1515,#1516));
#251=EDGE_LOOP('',(#1517,#1518,#1519,#1520));
#252=EDGE_LOOP('',(#1521,#1522,#1523,#1524));
#253=EDGE_LOOP('',(#1525,#1526,#1527,#1528));
#254=EDGE_LOOP('',(#1529,#1530,#1531,#1532));
#255=EDGE_LOOP('',(#1533,#1534,#1535,#1536));
#256=EDGE_LOOP('',(#1537,#1538,#1539,#1540));
#257=EDGE_LOOP('',(#1541,#1542,#1543,#1544));
#258=EDGE_LOOP('',(#1545,#1546,#1547,#1548));
#259=EDGE_LOOP('',(#1549,#1550,#1551,#1552));
#260=EDGE_LOOP('',(#1553,#1554,#1555,#1556,#1557,#1558,#1559,#1560,#1561));
#261=EDGE_LOOP('',(#1562,#1563,#1564,#1565,#1566,#1567));
#262=EDGE_LOOP('',(#1568,#1569,#1570,#1571,#1572,#1573,#1574,#1575,#1576,
#1577,#1578,#1579,#1580,#1581,#1582,#1583,#1584,#1585));
#263=EDGE_LOOP('',(#1586,#1587,#1588,#1589));
#264=EDGE_LOOP('',(#1590,#1591,#1592,#1593));
#265=EDGE_LOOP('',(#1594,#1595,#1596,#1597));
#266=EDGE_LOOP('',(#1598,#1599,#1600,#1601,#1602,#1603,#1604,#1605));
#267=EDGE_LOOP('',(#1606,#1607,#1608,#1609,#1610,#1611));
#268=EDGE_LOOP('',(#1612,#1613,#1614,#1615));
#269=EDGE_LOOP('',(#1616,#1617,#1618,#1619,#1620,#1621));
#270=EDGE_LOOP('',(#1622,#1623,#1624,#1625,#1626,#1627,#1628,#1629));
#271=EDGE_LOOP('',(#1630,#1631,#1632,#1633));
#272=EDGE_LOOP('',(#1634,#1635,#1636,#1637,#1638,#1639,#1640));
#273=EDGE_LOOP('',(#1641,#1642,#1643,#1644,#1645,#1646));
#274=EDGE_LOOP('',(#1647,#1648,#1649,#1650));
#275=EDGE_LOOP('',(#1651,#1652,#1653,#1654));
#276=EDGE_LOOP('',(#1655,#1656,#1657,#1658));
#277=EDGE_LOOP('',(#1659,#1660,#1661,#1662));
#278=EDGE_LOOP('',(#1663,#1664,#1665,#1666,#1667,#1668,#1669,#1670));
#279=EDGE_LOOP('',(#1671,#1672,#1673,#1674));
#280=EDGE_LOOP('',(#1675,#1676,#1677,#1678,#1679,#1680));
#281=EDGE_LOOP('',(#1681,#1682,#1683,#1684));
#282=EDGE_LOOP('',(#1685,#1686,#1687,#1688));
#283=EDGE_LOOP('',(#1689,#1690,#1691,#1692,#1693,#1694,#1695));
#284=EDGE_LOOP('',(#1696,#1697,#1698,#1699,#1700,#1701,#1702,#1703,#1704,
#1705,#1706,#1707));
#285=EDGE_LOOP('',(#1708,#1709,#1710,#1711,#1712,#1713));
#286=EDGE_LOOP('',(#1714,#1715,#1716,#1717));
#287=EDGE_LOOP('',(#1718,#1719,#1720,#1721));
#288=EDGE_LOOP('',(#1722,#1723,#1724,#1725));
#289=EDGE_LOOP('',(#1726,#1727,#1728,#1729));
#290=EDGE_LOOP('',(#1730,#1731,#1732,#1733));
#291=EDGE_LOOP('',(#1734,#1735,#1736,#1737,#1738,#1739));
#292=EDGE_LOOP('',(#1740,#1741,#1742,#1743));
#293=EDGE_LOOP('',(#1744,#1745,#1746,#1747));
#294=EDGE_LOOP('',(#1748,#1749,#1750,#1751));
#295=EDGE_LOOP('',(#1752,#1753,#1754,#1755,#1756,#1757));
#296=EDGE_LOOP('',(#1758,#1759,#1760));
#297=EDGE_LOOP('',(#1761,#1762,#1763,#1764));
#298=EDGE_LOOP('',(#1765,#1766,#1767));
#299=EDGE_LOOP('',(#1768,#1769,#1770,#1771));
#300=EDGE_LOOP('',(#1772,#1773,#1774,#1775));
#301=EDGE_LOOP('',(#1776,#1777,#1778,#1779,#1780,#1781,#1782,#1783,#1784,
#1785,#1786,#1787,#1788,#1789,#1790,#1791));
#302=EDGE_LOOP('',(#1792,#1793,#1794,#1795,#1796,#1797));
#303=EDGE_LOOP('',(#1798,#1799,#1800,#1801,#1802,#1803,#1804,#1805,#1806));
#304=EDGE_LOOP('',(#1807,#1808,#1809,#1810));
#305=EDGE_LOOP('',(#1811,#1812,#1813,#1814,#1815));
#306=EDGE_LOOP('',(#1816,#1817,#1818,#1819));
#307=EDGE_LOOP('',(#1820,#1821,#1822));
#308=EDGE_LOOP('',(#1823,#1824,#1825,#1826));
#309=EDGE_LOOP('',(#1827,#1828,#1829,#1830));
#310=EDGE_LOOP('',(#1831,#1832,#1833,#1834));
#311=EDGE_LOOP('',(#1835,#1836,#1837));
#312=EDGE_LOOP('',(#1838,#1839,#1840,#1841));
#313=EDGE_LOOP('',(#1842,#1843,#1844));
#314=EDGE_LOOP('',(#1845,#1846,#1847,#1848));
#315=EDGE_LOOP('',(#1849,#1850,#1851,#1852));
#316=EDGE_LOOP('',(#1853,#1854,#1855,#1856));
#317=EDGE_LOOP('',(#1857,#1858,#1859));
#318=EDGE_LOOP('',(#1860,#1861,#1862,#1863));
#319=EDGE_LOOP('',(#1864,#1865,#1866,#1867));
#320=EDGE_LOOP('',(#1868,#1869,#1870,#1871,#1872,#1873));
#321=EDGE_LOOP('',(#1874,#1875,#1876,#1877));
#322=EDGE_LOOP('',(#1878,#1879,#1880,#1881,#1882,#1883,#1884,#1885,#1886,
#1887,#1888));
#323=EDGE_LOOP('',(#1889,#1890,#1891,#1892,#1893,#1894));
#324=EDGE_LOOP('',(#1895,#1896,#1897,#1898,#1899));
#325=EDGE_LOOP('',(#1900,#1901,#1902,#1903,#1904));
#326=EDGE_LOOP('',(#1905,#1906,#1907,#1908,#1909,#1910));
#327=EDGE_LOOP('',(#1911,#1912,#1913,#1914,#1915));
#328=EDGE_LOOP('',(#1916,#1917,#1918,#1919));
#329=EDGE_LOOP('',(#1920,#1921,#1922,#1923,#1924,#1925));
#330=EDGE_LOOP('',(#1926,#1927,#1928,#1929,#1930,#1931,#1932));
#331=EDGE_LOOP('',(#1933,#1934,#1935,#1936));
#332=EDGE_LOOP('',(#1937,#1938,#1939));
#333=EDGE_LOOP('',(#1940,#1941,#1942));
#334=EDGE_LOOP('',(#1943,#1944,#1945,#1946));
#335=EDGE_LOOP('',(#1947,#1948,#1949,#1950));
#336=EDGE_LOOP('',(#1951,#1952,#1953,#1954,#1955));
#337=EDGE_LOOP('',(#1956,#1957,#1958,#1959,#1960));
#338=EDGE_LOOP('',(#1961,#1962,#1963));
#339=EDGE_LOOP('',(#1964,#1965,#1966,#1967));
#340=EDGE_LOOP('',(#1968,#1969,#1970));
#341=EDGE_LOOP('',(#1971,#1972,#1973,#1974));
#342=EDGE_LOOP('',(#1975,#1976,#1977,#1978,#1979));
#343=EDGE_LOOP('',(#1980,#1981,#1982,#1983,#1984,#1985));
#344=EDGE_LOOP('',(#1986,#1987,#1988,#1989));
#345=EDGE_LOOP('',(#1990,#1991,#1992,#1993,#1994));
#346=EDGE_LOOP('',(#1995,#1996,#1997,#1998,#1999,#2000,#2001,#2002));
#347=EDGE_LOOP('',(#2003,#2004,#2005,#2006));
#348=EDGE_LOOP('',(#2007,#2008,#2009,#2010));
#349=EDGE_LOOP('',(#2011,#2012,#2013,#2014));
#350=EDGE_LOOP('',(#2015,#2016,#2017,#2018,#2019,#2020,#2021));
#351=EDGE_LOOP('',(#2022,#2023,#2024,#2025));
#352=EDGE_LOOP('',(#2026,#2027,#2028,#2029,#2030));
#353=EDGE_LOOP('',(#2031,#2032,#2033,#2034,#2035));
#354=EDGE_LOOP('',(#2036,#2037,#2038,#2039));
#355=EDGE_LOOP('',(#2040,#2041,#2042,#2043,#2044,#2045,#2046,#2047,#2048,
#2049,#2050,#2051,#2052,#2053));
#356=LINE('',#3016,#624);
#357=LINE('',#3018,#625);
#358=LINE('',#3020,#626);
#359=LINE('',#3021,#627);
#360=LINE('',#3024,#628);
#361=LINE('',#3026,#629);
#362=LINE('',#3027,#630);
#363=LINE('',#3030,#631);
#364=LINE('',#3032,#632);
#365=LINE('',#3033,#633);
#366=LINE('',#3036,#634);
#367=LINE('',#3038,#635);
#368=LINE('',#3039,#636);
#369=LINE('',#3042,#637);
#370=LINE('',#3044,#638);
#371=LINE('',#3045,#639);
#372=LINE('',#3048,#640);
#373=LINE('',#3050,#641);
#374=LINE('',#3052,#642);
#375=LINE('',#3054,#643);
#376=LINE('',#3056,#644);
#377=LINE('',#3058,#645);
#378=LINE('',#3059,#646);
#379=LINE('',#3062,#647);
#380=LINE('',#3063,#648);
#381=LINE('',#3066,#649);
#382=LINE('',#3067,#650);
#383=LINE('',#3070,#651);
#384=LINE('',#3071,#652);
#385=LINE('',#3074,#653);
#386=LINE('',#3076,#654);
#387=LINE('',#3078,#655);
#388=LINE('',#3080,#656);
#389=LINE('',#3082,#657);
#390=LINE('',#3084,#658);
#391=LINE('',#3085,#659);
#392=LINE('',#3088,#660);
#393=LINE('',#3090,#661);
#394=LINE('',#3092,#662);
#395=LINE('',#3093,#663);
#396=LINE('',#3097,#664);
#397=LINE('',#3099,#665);
#398=LINE('',#3101,#666);
#399=LINE('',#3102,#667);
#400=LINE('',#3106,#668);
#401=LINE('',#3112,#669);
#402=LINE('',#3113,#670);
#403=LINE('',#3114,#671);
#404=LINE('',#3118,#672);
#405=LINE('',#3124,#673);
#406=LINE('',#3125,#674);
#407=LINE('',#3126,#675);
#408=LINE('',#3130,#676);
#409=LINE('',#3136,#677);
#410=LINE('',#3137,#678);
#411=LINE('',#3138,#679);
#412=LINE('',#3142,#680);
#413=LINE('',#3148,#681);
#414=LINE('',#3149,#682);
#415=LINE('',#3150,#683);
#416=LINE('',#3154,#684);
#417=LINE('',#3158,#685);
#418=LINE('',#3159,#686);
#419=LINE('',#3162,#687);
#420=LINE('',#3164,#688);
#421=LINE('',#3166,#689);
#422=LINE('',#3168,#690);
#423=LINE('',#3170,#691);
#424=LINE('',#3171,#692);
#425=LINE('',#3174,#693);
#426=LINE('',#3178,#694);
#427=LINE('',#3179,#695);
#428=LINE('',#3182,#696);
#429=LINE('',#3186,#697);
#430=LINE('',#3187,#698);
#431=LINE('',#3190,#699);
#432=LINE('',#3194,#700);
#433=LINE('',#3195,#701);
#434=LINE('',#3198,#702);
#435=LINE('',#3202,#703);
#436=LINE('',#3203,#704);
#437=LINE('',#3206,#705);
#438=LINE('',#3210,#706);
#439=LINE('',#3212,#707);
#440=LINE('',#3214,#708);
#441=LINE('',#3216,#709);
#442=LINE('',#3218,#710);
#443=LINE('',#3220,#711);
#444=LINE('',#3221,#712);
#445=LINE('',#3223,#713);
#446=LINE('',#3224,#714);
#447=LINE('',#3228,#715);
#448=LINE('',#3229,#716);
#449=LINE('',#3231,#717);
#450=LINE('',#3274,#718);
#451=LINE('',#3283,#719);
#452=LINE('',#3292,#720);
#453=LINE('',#3300,#721);
#454=LINE('',#3303,#722);
#455=LINE('',#3305,#723);
#456=LINE('',#3307,#724);
#457=LINE('',#3351,#725);
#458=LINE('',#3360,#726);
#459=LINE('',#3362,#727);
#460=LINE('',#3363,#728);
#461=LINE('',#3423,#729);
#462=LINE('',#3425,#730);
#463=LINE('',#3427,#731);
#464=LINE('',#3429,#732);
#465=LINE('',#3431,#733);
#466=LINE('',#3432,#734);
#467=LINE('',#3567,#735);
#468=LINE('',#3605,#736);
#469=LINE('',#3608,#737);
#470=LINE('',#3610,#738);
#471=LINE('',#3613,#739);
#472=LINE('',#3615,#740);
#473=LINE('',#3617,#741);
#474=LINE('',#3618,#742);
#475=LINE('',#3621,#743);
#476=LINE('',#3623,#744);
#477=LINE('',#3625,#745);
#478=LINE('',#3626,#746);
#479=LINE('',#3628,#747);
#480=LINE('',#3632,#748);
#481=LINE('',#3634,#749);
#482=LINE('',#3636,#750);
#483=LINE('',#3637,#751);
#484=LINE('',#3640,#752);
#485=LINE('',#3642,#753);
#486=LINE('',#3643,#754);
#487=LINE('',#3646,#755);
#488=LINE('',#3648,#756);
#489=LINE('',#3649,#757);
#490=LINE('',#3652,#758);
#491=LINE('',#3654,#759);
#492=LINE('',#3655,#760);
#493=LINE('',#3658,#761);
#494=LINE('',#3660,#762);
#495=LINE('',#3661,#763);
#496=LINE('',#3664,#764);
#497=LINE('',#3666,#765);
#498=LINE('',#3668,#766);
#499=LINE('',#3670,#767);
#500=LINE('',#3671,#768);
#501=LINE('',#3674,#769);
#502=LINE('',#3675,#770);
#503=LINE('',#3678,#771);
#504=LINE('',#3679,#772);
#505=LINE('',#3682,#773);
#506=LINE('',#3683,#774);
#507=LINE('',#3686,#775);
#508=LINE('',#3688,#776);
#509=LINE('',#3690,#777);
#510=LINE('',#3691,#778);
#511=LINE('',#3694,#779);
#512=LINE('',#3695,#780);
#513=LINE('',#3698,#781);
#514=LINE('',#3699,#782);
#515=LINE('',#3702,#783);
#516=LINE('',#3703,#784);
#517=LINE('',#3706,#785);
#518=LINE('',#3707,#786);
#519=LINE('',#3709,#787);
#520=LINE('',#3712,#788);
#521=LINE('',#3714,#789);
#522=LINE('',#3716,#790);
#523=LINE('',#3717,#791);
#524=LINE('',#3719,#792);
#525=LINE('',#3721,#793);
#526=LINE('',#3723,#794);
#527=LINE('',#3724,#795);
#528=LINE('',#3726,#796);
#529=LINE('',#3730,#797);
#530=LINE('',#3732,#798);
#531=LINE('',#3734,#799);
#532=LINE('',#3736,#800);
#533=LINE('',#3738,#801);
#534=LINE('',#3740,#802);
#535=LINE('',#3742,#803);
#536=LINE('',#3744,#804);
#537=LINE('',#3745,#805);
#538=LINE('',#3748,#806);
#539=LINE('',#3750,#807);
#540=LINE('',#3751,#808);
#541=LINE('',#3754,#809);
#542=LINE('',#3755,#810);
#543=LINE('',#3756,#811);
#544=LINE('',#3759,#812);
#545=LINE('',#3760,#813);
#546=LINE('',#3761,#814);
#547=LINE('',#3765,#815);
#548=LINE('',#3766,#816);
#549=LINE('',#3767,#817);
#550=LINE('',#3770,#818);
#551=LINE('',#3774,#819);
#552=LINE('',#3775,#820);
#553=LINE('',#3779,#821);
#554=LINE('',#3780,#822);
#555=LINE('',#3781,#823);
#556=LINE('',#3785,#824);
#557=LINE('',#3787,#825);
#558=LINE('',#3788,#826);
#559=LINE('',#3791,#827);
#560=LINE('',#3792,#828);
#561=LINE('',#3793,#829);
#562=LINE('',#3795,#830);
#563=LINE('',#3796,#831);
#564=LINE('',#3800,#832);
#565=LINE('',#3802,#833);
#566=LINE('',#3803,#834);
#567=LINE('',#3806,#835);
#568=LINE('',#3808,#836);
#569=LINE('',#3809,#837);
#570=LINE('',#3812,#838);
#571=LINE('',#3814,#839);
#572=LINE('',#3816,#840);
#573=LINE('',#3817,#841);
#574=LINE('',#3819,#842);
#575=LINE('',#3823,#843);
#576=LINE('',#3825,#844);
#577=LINE('',#3826,#845);
#578=LINE('',#3829,#846);
#579=LINE('',#3830,#847);
#580=LINE('',#3832,#848);
#581=LINE('',#3833,#849);
#582=LINE('',#3836,#850);
#583=LINE('',#3837,#851);
#584=LINE('',#3839,#852);
#585=LINE('',#3842,#853);
#586=LINE('',#3843,#854);
#587=LINE('',#3845,#855);
#588=LINE('',#3846,#856);
#589=LINE('',#3849,#857);
#590=LINE('',#3850,#858);
#591=LINE('',#3852,#859);
#592=LINE('',#3854,#860);
#593=LINE('',#3858,#861);
#594=LINE('',#3860,#862);
#595=LINE('',#3861,#863);
#596=LINE('',#3864,#864);
#597=LINE('',#3866,#865);
#598=LINE('',#3867,#866);
#599=LINE('',#3869,#867);
#600=LINE('',#3871,#868);
#601=LINE('',#3874,#869);
#602=LINE('',#3875,#870);
#603=LINE('',#3877,#871);
#604=LINE('',#3880,#872);
#605=LINE('',#3881,#873);
#606=LINE('',#3883,#874);
#607=LINE('',#3885,#875);
#608=LINE('',#3887,#876);
#609=LINE('',#3888,#877);
#610=LINE('',#3891,#878);
#611=LINE('',#3893,#879);
#612=LINE('',#3894,#880);
#613=LINE('',#3896,#881);
#614=LINE('',#3898,#882);
#615=LINE('',#3899,#883);
#616=LINE('',#3904,#884);
#617=LINE('',#3905,#885);
#618=LINE('',#3908,#886);
#619=LINE('',#3909,#887);
#620=LINE('',#3911,#888);
#621=LINE('',#3914,#889);
#622=LINE('',#3915,#890);
#623=LINE('',#3917,#891);
#624=VECTOR('',#2451,10.);
#625=VECTOR('',#2452,10.);
#626=VECTOR('',#2453,10.);
#627=VECTOR('',#2454,10.);
#628=VECTOR('',#2457,10.);
#629=VECTOR('',#2458,10.);
#630=VECTOR('',#2459,10.);
#631=VECTOR('',#2462,10.);
#632=VECTOR('',#2463,10.);
#633=VECTOR('',#2464,10.);
#634=VECTOR('',#2467,10.);
#635=VECTOR('',#2468,10.);
#636=VECTOR('',#2469,10.);
#637=VECTOR('',#2472,10.);
#638=VECTOR('',#2473,10.);
#639=VECTOR('',#2474,10.);
#640=VECTOR('',#2477,10.);
#641=VECTOR('',#2478,10.);
#642=VECTOR('',#2479,10.);
#643=VECTOR('',#2480,10.);
#644=VECTOR('',#2481,10.);
#645=VECTOR('',#2482,10.);
#646=VECTOR('',#2483,10.);
#647=VECTOR('',#2486,10.);
#648=VECTOR('',#2487,10.);
#649=VECTOR('',#2490,10.);
#650=VECTOR('',#2491,10.);
#651=VECTOR('',#2494,10.);
#652=VECTOR('',#2495,9.99999999999999);
#653=VECTOR('',#2498,10.);
#654=VECTOR('',#2499,10.);
#655=VECTOR('',#2500,10.);
#656=VECTOR('',#2501,10.);
#657=VECTOR('',#2502,10.);
#658=VECTOR('',#2503,10.);
#659=VECTOR('',#2504,10.);
#660=VECTOR('',#2507,10.);
#661=VECTOR('',#2508,10.);
#662=VECTOR('',#2509,10.);
#663=VECTOR('',#2510,10.);
#664=VECTOR('',#2513,10.);
#665=VECTOR('',#2514,10.);
#666=VECTOR('',#2515,10.);
#667=VECTOR('',#2516,10.);
#668=VECTOR('',#2519,10.);
#669=VECTOR('',#2526,10.);
#670=VECTOR('',#2527,10.);
#671=VECTOR('',#2528,10.);
#672=VECTOR('',#2531,10.);
#673=VECTOR('',#2538,10.);
#674=VECTOR('',#2539,10.);
#675=VECTOR('',#2540,10.);
#676=VECTOR('',#2543,10.);
#677=VECTOR('',#2550,10.);
#678=VECTOR('',#2551,10.);
#679=VECTOR('',#2552,10.);
#680=VECTOR('',#2555,10.);
#681=VECTOR('',#2562,10.);
#682=VECTOR('',#2563,10.);
#683=VECTOR('',#2564,10.);
#684=VECTOR('',#2567,10.);
#685=VECTOR('',#2574,10.);
#686=VECTOR('',#2575,10.);
#687=VECTOR('',#2578,10.);
#688=VECTOR('',#2579,10.);
#689=VECTOR('',#2580,10.);
#690=VECTOR('',#2581,10.);
#691=VECTOR('',#2582,10.);
#692=VECTOR('',#2583,10.);
#693=VECTOR('',#2586,10.);
#694=VECTOR('',#2591,10.);
#695=VECTOR('',#2592,10.);
#696=VECTOR('',#2595,10.);
#697=VECTOR('',#2600,10.);
#698=VECTOR('',#2601,10.);
#699=VECTOR('',#2604,10.);
#700=VECTOR('',#2609,10.);
#701=VECTOR('',#2610,10.);
#702=VECTOR('',#2613,10.);
#703=VECTOR('',#2618,10.);
#704=VECTOR('',#2619,10.);
#705=VECTOR('',#2622,10.);
#706=VECTOR('',#2627,10.);
#707=VECTOR('',#2628,10.);
#708=VECTOR('',#2629,10.);
#709=VECTOR('',#2630,10.);
#710=VECTOR('',#2631,10.);
#711=VECTOR('',#2632,10.);
#712=VECTOR('',#2633,10.);
#713=VECTOR('',#2636,10.);
#714=VECTOR('',#2637,10.);
#715=VECTOR('',#2642,10.);
#716=VECTOR('',#2643,10.);
#717=VECTOR('',#2646,10.);
#718=VECTOR('',#2651,10.);
#719=VECTOR('',#2652,10.);
#720=VECTOR('',#2653,10.);
#721=VECTOR('',#2654,10.);
#722=VECTOR('',#2657,10.);
#723=VECTOR('',#2658,10.);
#724=VECTOR('',#2659,10.);
#725=VECTOR('',#2666,10.);
#726=VECTOR('',#2667,10.);
#727=VECTOR('',#2668,10.);
#728=VECTOR('',#2669,10.);
#729=VECTOR('',#2680,10.);
#730=VECTOR('',#2681,10.);
#731=VECTOR('',#2682,10.);
#732=VECTOR('',#2683,10.);
#733=VECTOR('',#2684,10.);
#734=VECTOR('',#2685,10.);
#735=VECTOR('',#2694,10.);
#736=VECTOR('',#2699,10.);
#737=VECTOR('',#2704,10.);
#738=VECTOR('',#2707,10.);
#739=VECTOR('',#2710,10.);
#740=VECTOR('',#2711,10.);
#741=VECTOR('',#2712,10.);
#742=VECTOR('',#2713,10.);
#743=VECTOR('',#2716,10.);
#744=VECTOR('',#2717,10.);
#745=VECTOR('',#2718,10.);
#746=VECTOR('',#2719,10.);
#747=VECTOR('',#2722,10.);
#748=VECTOR('',#2725,10.);
#749=VECTOR('',#2726,10.);
#750=VECTOR('',#2727,10.);
#751=VECTOR('',#2728,10.);
#752=VECTOR('',#2731,10.);
#753=VECTOR('',#2732,10.);
#754=VECTOR('',#2733,10.);
#755=VECTOR('',#2736,10.);
#756=VECTOR('',#2737,10.);
#757=VECTOR('',#2738,10.);
#758=VECTOR('',#2741,10.);
#759=VECTOR('',#2742,10.);
#760=VECTOR('',#2743,10.);
#761=VECTOR('',#2746,10.);
#762=VECTOR('',#2747,10.);
#763=VECTOR('',#2748,10.);
#764=VECTOR('',#2751,10.);
#765=VECTOR('',#2752,10.);
#766=VECTOR('',#2753,10.);
#767=VECTOR('',#2754,10.);
#768=VECTOR('',#2755,10.);
#769=VECTOR('',#2758,10.);
#770=VECTOR('',#2759,10.);
#771=VECTOR('',#2762,10.);
#772=VECTOR('',#2763,10.);
#773=VECTOR('',#2766,10.);
#774=VECTOR('',#2767,10.);
#775=VECTOR('',#2770,10.);
#776=VECTOR('',#2771,10.);
#777=VECTOR('',#2772,10.);
#778=VECTOR('',#2773,10.);
#779=VECTOR('',#2776,10.);
#780=VECTOR('',#2777,9.99999999999999);
#781=VECTOR('',#2780,10.);
#782=VECTOR('',#2781,10.);
#783=VECTOR('',#2784,9.99999999999999);
#784=VECTOR('',#2785,10.);
#785=VECTOR('',#2788,10.);
#786=VECTOR('',#2789,10.);
#787=VECTOR('',#2792,10.);
#788=VECTOR('',#2795,10.);
#789=VECTOR('',#2796,10.);
#790=VECTOR('',#2797,10.);
#791=VECTOR('',#2798,10.);
#792=VECTOR('',#2799,10.);
#793=VECTOR('',#2800,10.);
#794=VECTOR('',#2801,10.);
#795=VECTOR('',#2802,10.);
#796=VECTOR('',#2805,10.);
#797=VECTOR('',#2808,10.);
#798=VECTOR('',#2809,10.);
#799=VECTOR('',#2810,10.);
#800=VECTOR('',#2811,10.);
#801=VECTOR('',#2812,10.);
#802=VECTOR('',#2813,10.);
#803=VECTOR('',#2814,10.);
#804=VECTOR('',#2815,10.);
#805=VECTOR('',#2816,10.);
#806=VECTOR('',#2819,10.);
#807=VECTOR('',#2820,10.);
#808=VECTOR('',#2821,10.);
#809=VECTOR('',#2824,10.);
#810=VECTOR('',#2825,10.);
#811=VECTOR('',#2826,10.);
#812=VECTOR('',#2829,10.);
#813=VECTOR('',#2830,10.);
#814=VECTOR('',#2831,10.);
#815=VECTOR('',#2836,10.);
#816=VECTOR('',#2837,10.);
#817=VECTOR('',#2838,10.);
#818=VECTOR('',#2841,10.);
#819=VECTOR('',#2846,10.);
#820=VECTOR('',#2847,10.);
#821=VECTOR('',#2852,10.);
#822=VECTOR('',#2853,10.);
#823=VECTOR('',#2854,10.);
#824=VECTOR('',#2859,10.);
#825=VECTOR('',#2860,10.);
#826=VECTOR('',#2861,10.);
#827=VECTOR('',#2864,10.);
#828=VECTOR('',#2865,10.);
#829=VECTOR('',#2866,10.);
#830=VECTOR('',#2869,10.);
#831=VECTOR('',#2870,10.);
#832=VECTOR('',#2875,10.);
#833=VECTOR('',#2876,10.);
#834=VECTOR('',#2877,10.);
#835=VECTOR('',#2880,10.);
#836=VECTOR('',#2881,10.);
#837=VECTOR('',#2882,10.);
#838=VECTOR('',#2885,10.);
#839=VECTOR('',#2886,10.);
#840=VECTOR('',#2887,10.);
#841=VECTOR('',#2888,10.);
#842=VECTOR('',#2891,10.);
#843=VECTOR('',#2896,10.);
#844=VECTOR('',#2897,10.);
#845=VECTOR('',#2898,10.);
#846=VECTOR('',#2901,10.);
#847=VECTOR('',#2902,10.);
#848=VECTOR('',#2905,10.);
#849=VECTOR('',#2906,10.);
#850=VECTOR('',#2909,10.);
#851=VECTOR('',#2910,10.);
#852=VECTOR('',#2913,10.);
#853=VECTOR('',#2916,10.);
#854=VECTOR('',#2917,10.);
#855=VECTOR('',#2920,10.);
#856=VECTOR('',#2921,10.);
#857=VECTOR('',#2924,10.);
#858=VECTOR('',#2925,10.);
#859=VECTOR('',#2928,10.);
#860=VECTOR('',#2931,10.);
#861=VECTOR('',#2936,10.);
#862=VECTOR('',#2937,10.);
#863=VECTOR('',#2938,10.);
#864=VECTOR('',#2941,10.);
#865=VECTOR('',#2942,10.);
#866=VECTOR('',#2943,10.);
#867=VECTOR('',#2946,10.);
#868=VECTOR('',#2949,10.);
#869=VECTOR('',#2952,10.);
#870=VECTOR('',#2953,10.);
#871=VECTOR('',#2956,10.);
#872=VECTOR('',#2959,10.);
#873=VECTOR('',#2960,10.);
#874=VECTOR('',#2963,10.);
#875=VECTOR('',#2966,10.);
#876=VECTOR('',#2967,10.);
#877=VECTOR('',#2968,10.);
#878=VECTOR('',#2973,10.);
#879=VECTOR('',#2976,10.);
#880=VECTOR('',#2977,10.);
#881=VECTOR('',#2980,10.);
#882=VECTOR('',#2983,10.);
#883=VECTOR('',#2984,10.);
#884=VECTOR('',#2991,10.);
#885=VECTOR('',#2992,10.);
#886=VECTOR('',#2995,10.);
#887=VECTOR('',#2996,10.);
#888=VECTOR('',#2999,10.);
#889=VECTOR('',#3002,10.);
#890=VECTOR('',#3003,10.);
#891=VECTOR('',#3006,10.);
#892=VERTEX_POINT('',#3014);
#893=VERTEX_POINT('',#3015);
#894=VERTEX_POINT('',#3017);
#895=VERTEX_POINT('',#3019);
#896=VERTEX_POINT('',#3023);
#897=VERTEX_POINT('',#3025);
#898=VERTEX_POINT('',#3029);
#899=VERTEX_POINT('',#3031);
#900=VERTEX_POINT('',#3035);
#901=VERTEX_POINT('',#3037);
#902=VERTEX_POINT('',#3041);
#903=VERTEX_POINT('',#3043);
#904=VERTEX_POINT('',#3047);
#905=VERTEX_POINT('',#3049);
#906=VERTEX_POINT('',#3051);
#907=VERTEX_POINT('',#3053);
#908=VERTEX_POINT('',#3055);
#909=VERTEX_POINT('',#3057);
#910=VERTEX_POINT('',#3061);
#911=VERTEX_POINT('',#3065);
#912=VERTEX_POINT('',#3069);
#913=VERTEX_POINT('',#3073);
#914=VERTEX_POINT('',#3075);
#915=VERTEX_POINT('',#3077);
#916=VERTEX_POINT('',#3079);
#917=VERTEX_POINT('',#3081);
#918=VERTEX_POINT('',#3083);
#919=VERTEX_POINT('',#3087);
#920=VERTEX_POINT('',#3089);
#921=VERTEX_POINT('',#3091);
#922=VERTEX_POINT('',#3095);
#923=VERTEX_POINT('',#3096);
#924=VERTEX_POINT('',#3098);
#925=VERTEX_POINT('',#3100);
#926=VERTEX_POINT('',#3104);
#927=VERTEX_POINT('',#3105);
#928=VERTEX_POINT('',#3110);
#929=VERTEX_POINT('',#3111);
#930=VERTEX_POINT('',#3116);
#931=VERTEX_POINT('',#3117);
#932=VERTEX_POINT('',#3122);
#933=VERTEX_POINT('',#3123);
#934=VERTEX_POINT('',#3128);
#935=VERTEX_POINT('',#3129);
#936=VERTEX_POINT('',#3134);
#937=VERTEX_POINT('',#3135);
#938=VERTEX_POINT('',#3140);
#939=VERTEX_POINT('',#3141);
#940=VERTEX_POINT('',#3146);
#941=VERTEX_POINT('',#3147);
#942=VERTEX_POINT('',#3152);
#943=VERTEX_POINT('',#3153);
#944=VERTEX_POINT('',#3161);
#945=VERTEX_POINT('',#3163);
#946=VERTEX_POINT('',#3165);
#947=VERTEX_POINT('',#3167);
#948=VERTEX_POINT('',#3169);
#949=VERTEX_POINT('',#3173);
#950=VERTEX_POINT('',#3177);
#951=VERTEX_POINT('',#3181);
#952=VERTEX_POINT('',#3185);
#953=VERTEX_POINT('',#3189);
#954=VERTEX_POINT('',#3193);
#955=VERTEX_POINT('',#3197);
#956=VERTEX_POINT('',#3201);
#957=VERTEX_POINT('',#3205);
#958=VERTEX_POINT('',#3209);
#959=VERTEX_POINT('',#3211);
#960=VERTEX_POINT('',#3213);
#961=VERTEX_POINT('',#3215);
#962=VERTEX_POINT('',#3217);
#963=VERTEX_POINT('',#3219);
#964=VERTEX_POINT('',#3227);
#965=VERTEX_POINT('',#3248);
#966=VERTEX_POINT('',#3249);
#967=VERTEX_POINT('',#3257);
#968=VERTEX_POINT('',#3259);
#969=VERTEX_POINT('',#3273);
#970=VERTEX_POINT('',#3275);
#971=VERTEX_POINT('',#3282);
#972=VERTEX_POINT('',#3284);
#973=VERTEX_POINT('',#3291);
#974=VERTEX_POINT('',#3293);
#975=VERTEX_POINT('',#3302);
#976=VERTEX_POINT('',#3304);
#977=VERTEX_POINT('',#3306);
#978=VERTEX_POINT('',#3325);
#979=VERTEX_POINT('',#3326);
#980=VERTEX_POINT('',#3333);
#981=VERTEX_POINT('',#3335);
#982=VERTEX_POINT('',#3350);
#983=VERTEX_POINT('',#3352);
#984=VERTEX_POINT('',#3359);
#985=VERTEX_POINT('',#3361);
#986=VERTEX_POINT('',#3365);
#987=VERTEX_POINT('',#3372);
#988=VERTEX_POINT('',#3397);
#989=VERTEX_POINT('',#3398);
#990=VERTEX_POINT('',#3406);
#991=VERTEX_POINT('',#3408);
#992=VERTEX_POINT('',#3422);
#993=VERTEX_POINT('',#3424);
#994=VERTEX_POINT('',#3426);
#995=VERTEX_POINT('',#3428);
#996=VERTEX_POINT('',#3430);
#997=VERTEX_POINT('',#3434);
#998=VERTEX_POINT('',#3482);
#999=VERTEX_POINT('',#3509);
#1000=VERTEX_POINT('',#3538);
#1001=VERTEX_POINT('',#3539);
#1002=VERTEX_POINT('',#3546);
#1003=VERTEX_POINT('',#3553);
#1004=VERTEX_POINT('',#3568);
#1005=VERTEX_POINT('',#3592);
#1006=VERTEX_POINT('',#3604);
#1007=VERTEX_POINT('',#3612);
#1008=VERTEX_POINT('',#3614);
#1009=VERTEX_POINT('',#3616);
#1010=VERTEX_POINT('',#3620);
#1011=VERTEX_POINT('',#3622);
#1012=VERTEX_POINT('',#3624);
#1013=VERTEX_POINT('',#3630);
#1014=VERTEX_POINT('',#3631);
#1015=VERTEX_POINT('',#3633);
#1016=VERTEX_POINT('',#3635);
#1017=VERTEX_POINT('',#3639);
#1018=VERTEX_POINT('',#3641);
#1019=VERTEX_POINT('',#3645);
#1020=VERTEX_POINT('',#3647);
#1021=VERTEX_POINT('',#3651);
#1022=VERTEX_POINT('',#3653);
#1023=VERTEX_POINT('',#3657);
#1024=VERTEX_POINT('',#3659);
#1025=VERTEX_POINT('',#3663);
#1026=VERTEX_POINT('',#3665);
#1027=VERTEX_POINT('',#3667);
#1028=VERTEX_POINT('',#3669);
#1029=VERTEX_POINT('',#3673);
#1030=VERTEX_POINT('',#3677);
#1031=VERTEX_POINT('',#3681);
#1032=VERTEX_POINT('',#3685);
#1033=VERTEX_POINT('',#3687);
#1034=VERTEX_POINT('',#3689);
#1035=VERTEX_POINT('',#3693);
#1036=VERTEX_POINT('',#3697);
#1037=VERTEX_POINT('',#3701);
#1038=VERTEX_POINT('',#3705);
#1039=VERTEX_POINT('',#3711);
#1040=VERTEX_POINT('',#3713);
#1041=VERTEX_POINT('',#3715);
#1042=VERTEX_POINT('',#3718);
#1043=VERTEX_POINT('',#3720);
#1044=VERTEX_POINT('',#3722);
#1045=VERTEX_POINT('',#3728);
#1046=VERTEX_POINT('',#3729);
#1047=VERTEX_POINT('',#3731);
#1048=VERTEX_POINT('',#3733);
#1049=VERTEX_POINT('',#3735);
#1050=VERTEX_POINT('',#3737);
#1051=VERTEX_POINT('',#3739);
#1052=VERTEX_POINT('',#3741);
#1053=VERTEX_POINT('',#3743);
#1054=VERTEX_POINT('',#3747);
#1055=VERTEX_POINT('',#3749);
#1056=VERTEX_POINT('',#3753);
#1057=VERTEX_POINT('',#3758);
#1058=VERTEX_POINT('',#3764);
#1059=VERTEX_POINT('',#3769);
#1060=VERTEX_POINT('',#3773);
#1061=VERTEX_POINT('',#3778);
#1062=VERTEX_POINT('',#3784);
#1063=VERTEX_POINT('',#3786);
#1064=VERTEX_POINT('',#3790);
#1065=VERTEX_POINT('',#3799);
#1066=VERTEX_POINT('',#3801);
#1067=VERTEX_POINT('',#3805);
#1068=VERTEX_POINT('',#3807);
#1069=VERTEX_POINT('',#3811);
#1070=VERTEX_POINT('',#3813);
#1071=VERTEX_POINT('',#3815);
#1072=VERTEX_POINT('',#3822);
#1073=VERTEX_POINT('',#3824);
#1074=VERTEX_POINT('',#3828);
#1075=VERTEX_POINT('',#3835);
#1076=VERTEX_POINT('',#3841);
#1077=VERTEX_POINT('',#3848);
#1078=VERTEX_POINT('',#3857);
#1079=VERTEX_POINT('',#3859);
#1080=VERTEX_POINT('',#3863);
#1081=VERTEX_POINT('',#3865);
#1082=VERTEX_POINT('',#3873);
#1083=VERTEX_POINT('',#3879);
#1084=VERTEX_POINT('',#3886);
#1085=VERTEX_POINT('',#3903);
#1086=VERTEX_POINT('',#3907);
#1087=VERTEX_POINT('',#3913);
#1088=EDGE_CURVE('',#892,#893,#356,.T.);
#1089=EDGE_CURVE('',#893,#894,#357,.T.);
#1090=EDGE_CURVE('',#894,#895,#358,.T.);
#1091=EDGE_CURVE('',#895,#892,#359,.T.);
#1092=EDGE_CURVE('',#895,#896,#360,.T.);
#1093=EDGE_CURVE('',#896,#897,#361,.T.);
#1094=EDGE_CURVE('',#897,#892,#362,.T.);
#1095=EDGE_CURVE('',#896,#898,#363,.T.);
#1096=EDGE_CURVE('',#898,#899,#364,.T.);
#1097=EDGE_CURVE('',#899,#897,#365,.T.);
#1098=EDGE_CURVE('',#898,#900,#366,.T.);
#1099=EDGE_CURVE('',#900,#901,#367,.T.);
#1100=EDGE_CURVE('',#901,#899,#368,.T.);
#1101=EDGE_CURVE('',#900,#902,#369,.T.);
#1102=EDGE_CURVE('',#902,#903,#370,.T.);
#1103=EDGE_CURVE('',#903,#901,#371,.T.);
#1104=EDGE_CURVE('',#904,#892,#372,.T.);
#1105=EDGE_CURVE('',#905,#904,#373,.T.);
#1106=EDGE_CURVE('',#906,#905,#374,.T.);
#1107=EDGE_CURVE('',#907,#906,#375,.T.);
#1108=EDGE_CURVE('',#908,#907,#376,.T.);
#1109=EDGE_CURVE('',#908,#909,#377,.T.);
#1110=EDGE_CURVE('',#909,#893,#378,.T.);
#1111=EDGE_CURVE('',#897,#910,#379,.T.);
#1112=EDGE_CURVE('',#910,#904,#380,.T.);
#1113=EDGE_CURVE('',#911,#899,#381,.T.);
#1114=EDGE_CURVE('',#910,#911,#382,.T.);
#1115=EDGE_CURVE('',#912,#901,#383,.T.);
#1116=EDGE_CURVE('',#912,#911,#384,.T.);
#1117=EDGE_CURVE('',#913,#903,#385,.T.);
#1118=EDGE_CURVE('',#914,#913,#386,.T.);
#1119=EDGE_CURVE('',#915,#914,#387,.T.);
#1120=EDGE_CURVE('',#915,#916,#388,.T.);
#1121=EDGE_CURVE('',#916,#917,#389,.T.);
#1122=EDGE_CURVE('',#918,#917,#390,.T.);
#1123=EDGE_CURVE('',#912,#918,#391,.T.);
#1124=EDGE_CURVE('',#919,#902,#392,.T.);
#1125=EDGE_CURVE('',#920,#919,#393,.F.);
#1126=EDGE_CURVE('',#921,#920,#394,.T.);
#1127=EDGE_CURVE('',#913,#921,#395,.T.);
#1128=EDGE_CURVE('',#922,#923,#396,.F.);
#1129=EDGE_CURVE('',#923,#924,#397,.T.);
#1130=EDGE_CURVE('',#924,#925,#398,.T.);
#1131=EDGE_CURVE('',#925,#922,#399,.T.);
#1132=EDGE_CURVE('',#926,#927,#400,.T.);
#1133=EDGE_CURVE('',#927,#925,#66,.T.);
#1134=EDGE_CURVE('',#924,#926,#67,.T.);
#1135=EDGE_CURVE('',#928,#929,#401,.T.);
#1136=EDGE_CURVE('',#929,#927,#402,.T.);
#1137=EDGE_CURVE('',#926,#928,#403,.T.);
#1138=EDGE_CURVE('',#930,#931,#404,.T.);
#1139=EDGE_CURVE('',#931,#929,#68,.T.);
#1140=EDGE_CURVE('',#928,#930,#69,.T.);
#1141=EDGE_CURVE('',#932,#933,#405,.T.);
#1142=EDGE_CURVE('',#933,#931,#406,.T.);
#1143=EDGE_CURVE('',#930,#932,#407,.T.);
#1144=EDGE_CURVE('',#934,#935,#408,.T.);
#1145=EDGE_CURVE('',#935,#933,#70,.T.);
#1146=EDGE_CURVE('',#932,#934,#71,.T.);
#1147=EDGE_CURVE('',#936,#937,#409,.T.);
#1148=EDGE_CURVE('',#937,#935,#410,.T.);
#1149=EDGE_CURVE('',#934,#936,#411,.T.);
#1150=EDGE_CURVE('',#938,#939,#412,.T.);
#1151=EDGE_CURVE('',#939,#937,#72,.T.);
#1152=EDGE_CURVE('',#936,#938,#73,.T.);
#1153=EDGE_CURVE('',#940,#941,#413,.T.);
#1154=EDGE_CURVE('',#941,#939,#414,.T.);
#1155=EDGE_CURVE('',#938,#940,#415,.T.);
#1156=EDGE_CURVE('',#942,#943,#416,.T.);
#1157=EDGE_CURVE('',#943,#941,#74,.T.);
#1158=EDGE_CURVE('',#940,#942,#75,.T.);
#1159=EDGE_CURVE('',#919,#943,#417,.T.);
#1160=EDGE_CURVE('',#942,#920,#418,.T.);
#1161=EDGE_CURVE('',#944,#942,#419,.T.);
#1162=EDGE_CURVE('',#945,#944,#420,.T.);
#1163=EDGE_CURVE('',#946,#945,#421,.T.);
#1164=EDGE_CURVE('',#947,#946,#422,.T.);
#1165=EDGE_CURVE('',#948,#947,#423,.T.);
#1166=EDGE_CURVE('',#921,#948,#424,.T.);
#1167=EDGE_CURVE('',#949,#940,#425,.T.);
#1168=EDGE_CURVE('',#944,#949,#76,.T.);
#1169=EDGE_CURVE('',#950,#938,#426,.T.);
#1170=EDGE_CURVE('',#949,#950,#427,.T.);
#1171=EDGE_CURVE('',#951,#936,#428,.T.);
#1172=EDGE_CURVE('',#950,#951,#77,.T.);
#1173=EDGE_CURVE('',#952,#934,#429,.T.);
#1174=EDGE_CURVE('',#951,#952,#430,.T.);
#1175=EDGE_CURVE('',#953,#932,#431,.T.);
#1176=EDGE_CURVE('',#952,#953,#78,.T.);
#1177=EDGE_CURVE('',#954,#930,#432,.T.);
#1178=EDGE_CURVE('',#953,#954,#433,.T.);
#1179=EDGE_CURVE('',#955,#928,#434,.T.);
#1180=EDGE_CURVE('',#954,#955,#79,.T.);
#1181=EDGE_CURVE('',#956,#926,#435,.T.);
#1182=EDGE_CURVE('',#955,#956,#436,.T.);
#1183=EDGE_CURVE('',#957,#924,#437,.T.);
#1184=EDGE_CURVE('',#956,#957,#80,.T.);
#1185=EDGE_CURVE('',#958,#923,#438,.T.);
#1186=EDGE_CURVE('',#959,#958,#439,.T.);
#1187=EDGE_CURVE('',#960,#959,#440,.T.);
#1188=EDGE_CURVE('',#961,#960,#441,.T.);
#1189=EDGE_CURVE('',#962,#961,#442,.T.);
#1190=EDGE_CURVE('',#962,#963,#443,.T.);
#1191=EDGE_CURVE('',#957,#963,#444,.T.);
#1192=EDGE_CURVE('',#909,#958,#445,.T.);
#1193=EDGE_CURVE('',#894,#922,#446,.T.);
#1194=EDGE_CURVE('',#964,#921,#447,.T.);
#1195=EDGE_CURVE('',#964,#914,#448,.T.);
#1196=EDGE_CURVE('',#908,#959,#449,.T.);
#1197=EDGE_CURVE('',#965,#966,#23,.T.);
#1198=EDGE_CURVE('',#966,#967,#19,.T.);
#1199=EDGE_CURVE('',#967,#968,#24,.T.);
#1200=EDGE_CURVE('',#968,#965,#25,.T.);
#1201=EDGE_CURVE('',#967,#969,#450,.T.);
#1202=EDGE_CURVE('',#970,#969,#26,.T.);
#1203=EDGE_CURVE('',#970,#971,#451,.T.);
#1204=EDGE_CURVE('',#972,#971,#27,.F.);
#1205=EDGE_CURVE('',#972,#973,#452,.T.);
#1206=EDGE_CURVE('',#974,#973,#28,.F.);
#1207=EDGE_CURVE('',#974,#968,#453,.T.);
#1208=EDGE_CURVE('',#975,#966,#454,.T.);
#1209=EDGE_CURVE('',#976,#975,#455,.T.);
#1210=EDGE_CURVE('',#977,#976,#456,.T.);
#1211=EDGE_CURVE('',#969,#977,#20,.T.);
#1212=EDGE_CURVE('',#978,#979,#29,.T.);
#1213=EDGE_CURVE('',#979,#980,#21,.T.);
#1214=EDGE_CURVE('',#980,#981,#30,.T.);
#1215=EDGE_CURVE('',#981,#978,#31,.T.);
#1216=EDGE_CURVE('',#978,#982,#457,.T.);
#1217=EDGE_CURVE('',#983,#982,#32,.F.);
#1218=EDGE_CURVE('',#983,#984,#458,.T.);
#1219=EDGE_CURVE('',#984,#985,#459,.T.);
#1220=EDGE_CURVE('',#985,#979,#460,.T.);
#1221=EDGE_CURVE('',#986,#974,#33,.T.);
#1222=EDGE_CURVE('',#986,#987,#81,.T.);
#1223=EDGE_CURVE('',#982,#987,#34,.T.);
#1224=EDGE_CURVE('',#965,#981,#82,.T.);
#1225=EDGE_CURVE('',#988,#989,#35,.T.);
#1226=EDGE_CURVE('',#989,#990,#22,.T.);
#1227=EDGE_CURVE('',#990,#991,#36,.T.);
#1228=EDGE_CURVE('',#991,#988,#37,.T.);
#1229=EDGE_CURVE('',#992,#989,#461,.T.);
#1230=EDGE_CURVE('',#993,#992,#462,.T.);
#1231=EDGE_CURVE('',#993,#994,#463,.T.);
#1232=EDGE_CURVE('',#994,#995,#464,.T.);
#1233=EDGE_CURVE('',#995,#996,#465,.T.);
#1234=EDGE_CURVE('',#990,#996,#466,.T.);
#1235=EDGE_CURVE('',#988,#997,#83,.T.);
#1236=EDGE_CURVE('',#977,#997,#38,.T.);
#1237=EDGE_CURVE('',#976,#992,#84,.T.);
#1238=EDGE_CURVE('',#997,#970,#39,.T.);
#1239=EDGE_CURVE('',#987,#998,#40,.F.);
#1240=EDGE_CURVE('',#998,#983,#41,.T.);
#1241=EDGE_CURVE('',#999,#986,#42,.F.);
#1242=EDGE_CURVE('',#973,#999,#43,.T.);
#1243=EDGE_CURVE('',#1000,#1001,#44,.F.);
#1244=EDGE_CURVE('',#1001,#1002,#45,.T.);
#1245=EDGE_CURVE('',#1002,#1003,#46,.F.);
#1246=EDGE_CURVE('',#1003,#1000,#47,.T.);
#1247=EDGE_CURVE('',#1002,#991,#467,.T.);
#1248=EDGE_CURVE('',#1001,#1004,#85,.T.);
#1249=EDGE_CURVE('',#971,#1004,#48,.T.);
#1250=EDGE_CURVE('',#1004,#1005,#49,.F.);
#1251=EDGE_CURVE('',#1005,#972,#50,.T.);
#1252=EDGE_CURVE('',#980,#1006,#468,.T.);
#1253=EDGE_CURVE('',#1006,#975,#86,.T.);
#1254=EDGE_CURVE('',#998,#999,#469,.T.);
#1255=EDGE_CURVE('',#1005,#1000,#470,.T.);
#1256=EDGE_CURVE('',#985,#1007,#471,.T.);
#1257=EDGE_CURVE('',#1007,#1008,#472,.T.);
#1258=EDGE_CURVE('',#1008,#1009,#473,.T.);
#1259=EDGE_CURVE('',#1006,#1009,#474,.T.);
#1260=EDGE_CURVE('',#1010,#1003,#475,.T.);
#1261=EDGE_CURVE('',#1010,#1011,#476,.T.);
#1262=EDGE_CURVE('',#1011,#1012,#477,.T.);
#1263=EDGE_CURVE('',#984,#1012,#478,.T.);
#1264=EDGE_CURVE('',#996,#1010,#479,.T.);
#1265=EDGE_CURVE('',#1013,#1014,#480,.T.);
#1266=EDGE_CURVE('',#1014,#1015,#481,.T.);
#1267=EDGE_CURVE('',#1015,#1016,#482,.T.);
#1268=EDGE_CURVE('',#1016,#1013,#483,.T.);
#1269=EDGE_CURVE('',#1014,#1017,#484,.T.);
#1270=EDGE_CURVE('',#1017,#1018,#485,.T.);
#1271=EDGE_CURVE('',#1018,#1015,#486,.T.);
#1272=EDGE_CURVE('',#1017,#1019,#487,.T.);
#1273=EDGE_CURVE('',#1019,#1020,#488,.T.);
#1274=EDGE_CURVE('',#1020,#1018,#489,.T.);
#1275=EDGE_CURVE('',#1019,#1021,#490,.T.);
#1276=EDGE_CURVE('',#1021,#1022,#491,.F.);
#1277=EDGE_CURVE('',#1022,#1020,#492,.T.);
#1278=EDGE_CURVE('',#1016,#1023,#493,.T.);
#1279=EDGE_CURVE('',#1023,#1024,#494,.F.);
#1280=EDGE_CURVE('',#1024,#1013,#495,.T.);
#1281=EDGE_CURVE('',#1025,#1019,#496,.T.);
#1282=EDGE_CURVE('',#1026,#1025,#497,.T.);
#1283=EDGE_CURVE('',#1027,#1026,#498,.T.);
#1284=EDGE_CURVE('',#1028,#1027,#499,.T.);
#1285=EDGE_CURVE('',#1021,#1028,#500,.T.);
#1286=EDGE_CURVE('',#1017,#1029,#501,.T.);
#1287=EDGE_CURVE('',#1029,#1025,#502,.T.);
#1288=EDGE_CURVE('',#1030,#1014,#503,.T.);
#1289=EDGE_CURVE('',#1029,#1030,#504,.T.);
#1290=EDGE_CURVE('',#1013,#1031,#505,.T.);
#1291=EDGE_CURVE('',#1031,#1030,#506,.T.);
#1292=EDGE_CURVE('',#1032,#1024,#507,.T.);
#1293=EDGE_CURVE('',#1033,#1032,#508,.T.);
#1294=EDGE_CURVE('',#1034,#1033,#509,.T.);
#1295=EDGE_CURVE('',#1031,#1034,#510,.T.);
#1296=EDGE_CURVE('',#1035,#1029,#511,.T.);
#1297=EDGE_CURVE('',#1025,#1035,#512,.T.);
#1298=EDGE_CURVE('',#1036,#1026,#513,.F.);
#1299=EDGE_CURVE('',#1035,#1036,#514,.T.);
#1300=EDGE_CURVE('',#1037,#1031,#515,.T.);
#1301=EDGE_CURVE('',#1030,#1037,#516,.T.);
#1302=EDGE_CURVE('',#1034,#1038,#517,.F.);
#1303=EDGE_CURVE('',#1038,#1037,#518,.T.);
#1304=EDGE_CURVE('',#1037,#1035,#519,.T.);
#1305=EDGE_CURVE('',#1039,#1009,#520,.T.);
#1306=EDGE_CURVE('',#1040,#1039,#521,.T.);
#1307=EDGE_CURVE('',#1041,#1040,#522,.T.);
#1308=EDGE_CURVE('',#1036,#1041,#523,.T.);
#1309=EDGE_CURVE('',#1042,#1038,#524,.T.);
#1310=EDGE_CURVE('',#1043,#1042,#525,.T.);
#1311=EDGE_CURVE('',#1044,#1043,#526,.T.);
#1312=EDGE_CURVE('',#993,#1044,#527,.T.);
#1313=EDGE_CURVE('',#1023,#1022,#528,.T.);
#1314=EDGE_CURVE('',#1045,#1046,#529,.T.);
#1315=EDGE_CURVE('',#1045,#1047,#530,.T.);
#1316=EDGE_CURVE('',#1047,#1048,#531,.T.);
#1317=EDGE_CURVE('',#1048,#1049,#532,.T.);
#1318=EDGE_CURVE('',#1050,#1049,#533,.T.);
#1319=EDGE_CURVE('',#1050,#1051,#534,.F.);
#1320=EDGE_CURVE('',#1051,#1052,#535,.F.);
#1321=EDGE_CURVE('',#1052,#1053,#536,.T.);
#1322=EDGE_CURVE('',#1053,#1046,#537,.T.);
#1323=EDGE_CURVE('',#944,#1054,#538,.T.);
#1324=EDGE_CURVE('',#1054,#1055,#539,.T.);
#1325=EDGE_CURVE('',#1055,#945,#540,.T.);
#1326=EDGE_CURVE('',#1046,#1056,#541,.T.);
#1327=EDGE_CURVE('',#1056,#945,#542,.T.);
#1328=EDGE_CURVE('',#1055,#1045,#543,.T.);
#1329=EDGE_CURVE('',#950,#1057,#544,.T.);
#1330=EDGE_CURVE('',#1057,#1054,#545,.T.);
#1331=EDGE_CURVE('',#1054,#949,#546,.T.);
#1332=EDGE_CURVE('',#952,#1058,#547,.T.);
#1333=EDGE_CURVE('',#1058,#1057,#548,.T.);
#1334=EDGE_CURVE('',#1057,#951,#549,.T.);
#1335=EDGE_CURVE('',#953,#1059,#550,.T.);
#1336=EDGE_CURVE('',#1059,#1058,#87,.T.);
#1337=EDGE_CURVE('',#954,#1060,#551,.T.);
#1338=EDGE_CURVE('',#1060,#1059,#552,.T.);
#1339=EDGE_CURVE('',#956,#1061,#553,.T.);
#1340=EDGE_CURVE('',#1061,#1060,#554,.T.);
#1341=EDGE_CURVE('',#1060,#955,#555,.T.);
#1342=EDGE_CURVE('',#1047,#1062,#556,.T.);
#1343=EDGE_CURVE('',#1062,#1063,#557,.T.);
#1344=EDGE_CURVE('',#1063,#1048,#558,.T.);
#1345=EDGE_CURVE('',#1062,#1064,#559,.T.);
#1346=EDGE_CURVE('',#1064,#963,#560,.T.);
#1347=EDGE_CURVE('',#963,#1063,#561,.T.);
#1348=EDGE_CURVE('',#1064,#1061,#562,.T.);
#1349=EDGE_CURVE('',#1061,#957,#563,.T.);
#1350=EDGE_CURVE('',#1065,#1052,#564,.T.);
#1351=EDGE_CURVE('',#1066,#1065,#565,.T.);
#1352=EDGE_CURVE('',#1053,#1066,#566,.T.);
#1353=EDGE_CURVE('',#1067,#1048,#567,.T.);
#1354=EDGE_CURVE('',#1068,#1067,#568,.T.);
#1355=EDGE_CURVE('',#1049,#1068,#569,.T.);
#1356=EDGE_CURVE('',#1063,#1069,#570,.T.);
#1357=EDGE_CURVE('',#1069,#1070,#571,.F.);
#1358=EDGE_CURVE('',#1070,#1071,#572,.F.);
#1359=EDGE_CURVE('',#1071,#1067,#573,.F.);
#1360=EDGE_CURVE('',#1069,#962,#574,.T.);
#1361=EDGE_CURVE('',#1072,#1066,#575,.T.);
#1362=EDGE_CURVE('',#1073,#1072,#576,.T.);
#1363=EDGE_CURVE('',#1073,#1056,#577,.T.);
#1364=EDGE_CURVE('',#1074,#1073,#578,.T.);
#1365=EDGE_CURVE('',#946,#1074,#579,.T.);
#1366=EDGE_CURVE('',#1074,#916,#580,.T.);
#1367=EDGE_CURVE('',#915,#947,#581,.T.);
#1368=EDGE_CURVE('',#1072,#1075,#582,.F.);
#1369=EDGE_CURVE('',#1075,#917,#583,.T.);
#1370=EDGE_CURVE('',#948,#964,#584,.T.);
#1371=EDGE_CURVE('',#1075,#1076,#585,.T.);
#1372=EDGE_CURVE('',#1076,#918,#586,.T.);
#1373=EDGE_CURVE('',#1008,#1065,#587,.T.);
#1374=EDGE_CURVE('',#1008,#1076,#588,.T.);
#1375=EDGE_CURVE('',#1077,#1051,#589,.T.);
#1376=EDGE_CURVE('',#1077,#1039,#590,.T.);
#1377=EDGE_CURVE('',#907,#960,#591,.T.);
#1378=EDGE_CURVE('',#961,#907,#592,.T.);
#1379=EDGE_CURVE('',#1032,#1078,#593,.T.);
#1380=EDGE_CURVE('',#1078,#1079,#594,.T.);
#1381=EDGE_CURVE('',#1079,#1033,#595,.T.);
#1382=EDGE_CURVE('',#1027,#1080,#596,.T.);
#1383=EDGE_CURVE('',#1080,#1081,#597,.T.);
#1384=EDGE_CURVE('',#1081,#1028,#598,.T.);
#1385=EDGE_CURVE('',#1079,#1042,#599,.T.);
#1386=EDGE_CURVE('',#1041,#1080,#600,.T.);
#1387=EDGE_CURVE('',#1082,#912,#601,.T.);
#1388=EDGE_CURVE('',#911,#1082,#602,.T.);
#1389=EDGE_CURVE('',#1076,#1082,#603,.T.);
#1390=EDGE_CURVE('',#1083,#910,#604,.T.);
#1391=EDGE_CURVE('',#904,#1083,#605,.T.);
#1392=EDGE_CURVE('',#1082,#1083,#606,.T.);
#1393=EDGE_CURVE('',#1070,#906,#607,.T.);
#1394=EDGE_CURVE('',#905,#1084,#608,.T.);
#1395=EDGE_CURVE('',#1084,#1071,#609,.T.);
#1396=EDGE_CURVE('',#1083,#1084,#610,.T.);
#1397=EDGE_CURVE('',#1084,#994,#611,.T.);
#1398=EDGE_CURVE('',#1068,#994,#612,.T.);
#1399=EDGE_CURVE('',#995,#1007,#613,.T.);
#1400=EDGE_CURVE('',#1012,#1007,#614,.T.);
#1401=EDGE_CURVE('',#995,#1011,#615,.T.);
#1402=EDGE_CURVE('',#1085,#1044,#616,.T.);
#1403=EDGE_CURVE('',#1085,#1050,#617,.T.);
#1404=EDGE_CURVE('',#1086,#1043,#618,.T.);
#1405=EDGE_CURVE('',#1086,#1085,#619,.T.);
#1406=EDGE_CURVE('',#1086,#1078,#620,.T.);
#1407=EDGE_CURVE('',#1087,#1040,#621,.T.);
#1408=EDGE_CURVE('',#1087,#1081,#622,.T.);
#1409=EDGE_CURVE('',#1087,#1077,#623,.T.);
#1410=ORIENTED_EDGE('',*,*,#1088,.T.);
#1411=ORIENTED_EDGE('',*,*,#1089,.T.);
#1412=ORIENTED_EDGE('',*,*,#1090,.T.);
#1413=ORIENTED_EDGE('',*,*,#1091,.T.);
#1414=ORIENTED_EDGE('',*,*,#1092,.T.);
#1415=ORIENTED_EDGE('',*,*,#1093,.T.);
#1416=ORIENTED_EDGE('',*,*,#1094,.T.);
#1417=ORIENTED_EDGE('',*,*,#1091,.F.);
#1418=ORIENTED_EDGE('',*,*,#1095,.T.);
#1419=ORIENTED_EDGE('',*,*,#1096,.T.);
#1420=ORIENTED_EDGE('',*,*,#1097,.T.);
#1421=ORIENTED_EDGE('',*,*,#1093,.F.);
#1422=ORIENTED_EDGE('',*,*,#1098,.T.);
#1423=ORIENTED_EDGE('',*,*,#1099,.T.);
#1424=ORIENTED_EDGE('',*,*,#1100,.T.);
#1425=ORIENTED_EDGE('',*,*,#1096,.F.);
#1426=ORIENTED_EDGE('',*,*,#1101,.T.);
#1427=ORIENTED_EDGE('',*,*,#1102,.T.);
#1428=ORIENTED_EDGE('',*,*,#1103,.T.);
#1429=ORIENTED_EDGE('',*,*,#1099,.F.);
#1430=ORIENTED_EDGE('',*,*,#1088,.F.);
#1431=ORIENTED_EDGE('',*,*,#1104,.F.);
#1432=ORIENTED_EDGE('',*,*,#1105,.F.);
#1433=ORIENTED_EDGE('',*,*,#1106,.F.);
#1434=ORIENTED_EDGE('',*,*,#1107,.F.);
#1435=ORIENTED_EDGE('',*,*,#1108,.F.);
#1436=ORIENTED_EDGE('',*,*,#1109,.T.);
#1437=ORIENTED_EDGE('',*,*,#1110,.T.);
#1438=ORIENTED_EDGE('',*,*,#1094,.F.);
#1439=ORIENTED_EDGE('',*,*,#1111,.T.);
#1440=ORIENTED_EDGE('',*,*,#1112,.T.);
#1441=ORIENTED_EDGE('',*,*,#1104,.T.);
#1442=ORIENTED_EDGE('',*,*,#1097,.F.);
#1443=ORIENTED_EDGE('',*,*,#1113,.F.);
#1444=ORIENTED_EDGE('',*,*,#1114,.F.);
#1445=ORIENTED_EDGE('',*,*,#1111,.F.);
#1446=ORIENTED_EDGE('',*,*,#1100,.F.);
#1447=ORIENTED_EDGE('',*,*,#1115,.F.);
#1448=ORIENTED_EDGE('',*,*,#1116,.T.);
#1449=ORIENTED_EDGE('',*,*,#1113,.T.);
#1450=ORIENTED_EDGE('',*,*,#1103,.F.);
#1451=ORIENTED_EDGE('',*,*,#1117,.F.);
#1452=ORIENTED_EDGE('',*,*,#1118,.F.);
#1453=ORIENTED_EDGE('',*,*,#1119,.F.);
#1454=ORIENTED_EDGE('',*,*,#1120,.T.);
#1455=ORIENTED_EDGE('',*,*,#1121,.T.);
#1456=ORIENTED_EDGE('',*,*,#1122,.F.);
#1457=ORIENTED_EDGE('',*,*,#1123,.F.);
#1458=ORIENTED_EDGE('',*,*,#1115,.T.);
#1459=ORIENTED_EDGE('',*,*,#1102,.F.);
#1460=ORIENTED_EDGE('',*,*,#1124,.F.);
#1461=ORIENTED_EDGE('',*,*,#1125,.F.);
#1462=ORIENTED_EDGE('',*,*,#1126,.F.);
#1463=ORIENTED_EDGE('',*,*,#1127,.F.);
#1464=ORIENTED_EDGE('',*,*,#1117,.T.);
#1465=ORIENTED_EDGE('',*,*,#1128,.T.);
#1466=ORIENTED_EDGE('',*,*,#1129,.T.);
#1467=ORIENTED_EDGE('',*,*,#1130,.T.);
#1468=ORIENTED_EDGE('',*,*,#1131,.T.);
#1469=ORIENTED_EDGE('',*,*,#1132,.T.);
#1470=ORIENTED_EDGE('',*,*,#1133,.T.);
#1471=ORIENTED_EDGE('',*,*,#1130,.F.);
#1472=ORIENTED_EDGE('',*,*,#1134,.T.);
#1473=ORIENTED_EDGE('',*,*,#1135,.T.);
#1474=ORIENTED_EDGE('',*,*,#1136,.T.);
#1475=ORIENTED_EDGE('',*,*,#1132,.F.);
#1476=ORIENTED_EDGE('',*,*,#1137,.T.);
#1477=ORIENTED_EDGE('',*,*,#1138,.T.);
#1478=ORIENTED_EDGE('',*,*,#1139,.T.);
#1479=ORIENTED_EDGE('',*,*,#1135,.F.);
#1480=ORIENTED_EDGE('',*,*,#1140,.T.);
#1481=ORIENTED_EDGE('',*,*,#1141,.T.);
#1482=ORIENTED_EDGE('',*,*,#1142,.T.);
#1483=ORIENTED_EDGE('',*,*,#1138,.F.);
#1484=ORIENTED_EDGE('',*,*,#1143,.T.);
#1485=ORIENTED_EDGE('',*,*,#1144,.T.);
#1486=ORIENTED_EDGE('',*,*,#1145,.T.);
#1487=ORIENTED_EDGE('',*,*,#1141,.F.);
#1488=ORIENTED_EDGE('',*,*,#1146,.T.);
#1489=ORIENTED_EDGE('',*,*,#1147,.T.);
#1490=ORIENTED_EDGE('',*,*,#1148,.T.);
#1491=ORIENTED_EDGE('',*,*,#1144,.F.);
#1492=ORIENTED_EDGE('',*,*,#1149,.T.);
#1493=ORIENTED_EDGE('',*,*,#1150,.T.);
#1494=ORIENTED_EDGE('',*,*,#1151,.T.);
#1495=ORIENTED_EDGE('',*,*,#1147,.F.);
#1496=ORIENTED_EDGE('',*,*,#1152,.T.);
#1497=ORIENTED_EDGE('',*,*,#1153,.T.);
#1498=ORIENTED_EDGE('',*,*,#1154,.T.);
#1499=ORIENTED_EDGE('',*,*,#1150,.F.);
#1500=ORIENTED_EDGE('',*,*,#1155,.T.);
#1501=ORIENTED_EDGE('',*,*,#1156,.T.);
#1502=ORIENTED_EDGE('',*,*,#1157,.T.);
#1503=ORIENTED_EDGE('',*,*,#1153,.F.);
#1504=ORIENTED_EDGE('',*,*,#1158,.T.);
#1505=ORIENTED_EDGE('',*,*,#1125,.T.);
#1506=ORIENTED_EDGE('',*,*,#1159,.T.);
#1507=ORIENTED_EDGE('',*,*,#1156,.F.);
#1508=ORIENTED_EDGE('',*,*,#1160,.T.);
#1509=ORIENTED_EDGE('',*,*,#1160,.F.);
#1510=ORIENTED_EDGE('',*,*,#1161,.F.);
#1511=ORIENTED_EDGE('',*,*,#1162,.F.);
#1512=ORIENTED_EDGE('',*,*,#1163,.F.);
#1513=ORIENTED_EDGE('',*,*,#1164,.F.);
#1514=ORIENTED_EDGE('',*,*,#1165,.F.);
#1515=ORIENTED_EDGE('',*,*,#1166,.F.);
#1516=ORIENTED_EDGE('',*,*,#1126,.T.);
#1517=ORIENTED_EDGE('',*,*,#1158,.F.);
#1518=ORIENTED_EDGE('',*,*,#1167,.F.);
#1519=ORIENTED_EDGE('',*,*,#1168,.F.);
#1520=ORIENTED_EDGE('',*,*,#1161,.T.);
#1521=ORIENTED_EDGE('',*,*,#1155,.F.);
#1522=ORIENTED_EDGE('',*,*,#1169,.F.);
#1523=ORIENTED_EDGE('',*,*,#1170,.F.);
#1524=ORIENTED_EDGE('',*,*,#1167,.T.);
#1525=ORIENTED_EDGE('',*,*,#1152,.F.);
#1526=ORIENTED_EDGE('',*,*,#1171,.F.);
#1527=ORIENTED_EDGE('',*,*,#1172,.F.);
#1528=ORIENTED_EDGE('',*,*,#1169,.T.);
#1529=ORIENTED_EDGE('',*,*,#1149,.F.);
#1530=ORIENTED_EDGE('',*,*,#1173,.F.);
#1531=ORIENTED_EDGE('',*,*,#1174,.F.);
#1532=ORIENTED_EDGE('',*,*,#1171,.T.);
#1533=ORIENTED_EDGE('',*,*,#1146,.F.);
#1534=ORIENTED_EDGE('',*,*,#1175,.F.);
#1535=ORIENTED_EDGE('',*,*,#1176,.F.);
#1536=ORIENTED_EDGE('',*,*,#1173,.T.);
#1537=ORIENTED_EDGE('',*,*,#1143,.F.);
#1538=ORIENTED_EDGE('',*,*,#1177,.F.);
#1539=ORIENTED_EDGE('',*,*,#1178,.F.);
#1540=ORIENTED_EDGE('',*,*,#1175,.T.);
#1541=ORIENTED_EDGE('',*,*,#1140,.F.);
#1542=ORIENTED_EDGE('',*,*,#1179,.F.);
#1543=ORIENTED_EDGE('',*,*,#1180,.F.);
#1544=ORIENTED_EDGE('',*,*,#1177,.T.);
#1545=ORIENTED_EDGE('',*,*,#1137,.F.);
#1546=ORIENTED_EDGE('',*,*,#1181,.F.);
#1547=ORIENTED_EDGE('',*,*,#1182,.F.);
#1548=ORIENTED_EDGE('',*,*,#1179,.T.);
#1549=ORIENTED_EDGE('',*,*,#1134,.F.);
#1550=ORIENTED_EDGE('',*,*,#1183,.F.);
#1551=ORIENTED_EDGE('',*,*,#1184,.F.);
#1552=ORIENTED_EDGE('',*,*,#1181,.T.);
#1553=ORIENTED_EDGE('',*,*,#1129,.F.);
#1554=ORIENTED_EDGE('',*,*,#1185,.F.);
#1555=ORIENTED_EDGE('',*,*,#1186,.F.);
#1556=ORIENTED_EDGE('',*,*,#1187,.F.);
#1557=ORIENTED_EDGE('',*,*,#1188,.F.);
#1558=ORIENTED_EDGE('',*,*,#1189,.F.);
#1559=ORIENTED_EDGE('',*,*,#1190,.T.);
#1560=ORIENTED_EDGE('',*,*,#1191,.F.);
#1561=ORIENTED_EDGE('',*,*,#1183,.T.);
#1562=ORIENTED_EDGE('',*,*,#1089,.F.);
#1563=ORIENTED_EDGE('',*,*,#1110,.F.);
#1564=ORIENTED_EDGE('',*,*,#1192,.T.);
#1565=ORIENTED_EDGE('',*,*,#1185,.T.);
#1566=ORIENTED_EDGE('',*,*,#1128,.F.);
#1567=ORIENTED_EDGE('',*,*,#1193,.F.);
#1568=ORIENTED_EDGE('',*,*,#1090,.F.);
#1569=ORIENTED_EDGE('',*,*,#1193,.T.);
#1570=ORIENTED_EDGE('',*,*,#1131,.F.);
#1571=ORIENTED_EDGE('',*,*,#1133,.F.);
#1572=ORIENTED_EDGE('',*,*,#1136,.F.);
#1573=ORIENTED_EDGE('',*,*,#1139,.F.);
#1574=ORIENTED_EDGE('',*,*,#1142,.F.);
#1575=ORIENTED_EDGE('',*,*,#1145,.F.);
#1576=ORIENTED_EDGE('',*,*,#1148,.F.);
#1577=ORIENTED_EDGE('',*,*,#1151,.F.);
#1578=ORIENTED_EDGE('',*,*,#1154,.F.);
#1579=ORIENTED_EDGE('',*,*,#1157,.F.);
#1580=ORIENTED_EDGE('',*,*,#1159,.F.);
#1581=ORIENTED_EDGE('',*,*,#1124,.T.);
#1582=ORIENTED_EDGE('',*,*,#1101,.F.);
#1583=ORIENTED_EDGE('',*,*,#1098,.F.);
#1584=ORIENTED_EDGE('',*,*,#1095,.F.);
#1585=ORIENTED_EDGE('',*,*,#1092,.F.);
#1586=ORIENTED_EDGE('',*,*,#1118,.T.);
#1587=ORIENTED_EDGE('',*,*,#1127,.T.);
#1588=ORIENTED_EDGE('',*,*,#1194,.F.);
#1589=ORIENTED_EDGE('',*,*,#1195,.T.);
#1590=ORIENTED_EDGE('',*,*,#1109,.F.);
#1591=ORIENTED_EDGE('',*,*,#1196,.T.);
#1592=ORIENTED_EDGE('',*,*,#1186,.T.);
#1593=ORIENTED_EDGE('',*,*,#1192,.F.);
#1594=ORIENTED_EDGE('',*,*,#1197,.T.);
#1595=ORIENTED_EDGE('',*,*,#1198,.T.);
#1596=ORIENTED_EDGE('',*,*,#1199,.T.);
#1597=ORIENTED_EDGE('',*,*,#1200,.T.);
#1598=ORIENTED_EDGE('',*,*,#1199,.F.);
#1599=ORIENTED_EDGE('',*,*,#1201,.T.);
#1600=ORIENTED_EDGE('',*,*,#1202,.F.);
#1601=ORIENTED_EDGE('',*,*,#1203,.T.);
#1602=ORIENTED_EDGE('',*,*,#1204,.F.);
#1603=ORIENTED_EDGE('',*,*,#1205,.T.);
#1604=ORIENTED_EDGE('',*,*,#1206,.F.);
#1605=ORIENTED_EDGE('',*,*,#1207,.T.);
#1606=ORIENTED_EDGE('',*,*,#1198,.F.);
#1607=ORIENTED_EDGE('',*,*,#1208,.F.);
#1608=ORIENTED_EDGE('',*,*,#1209,.F.);
#1609=ORIENTED_EDGE('',*,*,#1210,.F.);
#1610=ORIENTED_EDGE('',*,*,#1211,.F.);
#1611=ORIENTED_EDGE('',*,*,#1201,.F.);
#1612=ORIENTED_EDGE('',*,*,#1212,.T.);
#1613=ORIENTED_EDGE('',*,*,#1213,.T.);
#1614=ORIENTED_EDGE('',*,*,#1214,.T.);
#1615=ORIENTED_EDGE('',*,*,#1215,.T.);
#1616=ORIENTED_EDGE('',*,*,#1212,.F.);
#1617=ORIENTED_EDGE('',*,*,#1216,.T.);
#1618=ORIENTED_EDGE('',*,*,#1217,.F.);
#1619=ORIENTED_EDGE('',*,*,#1218,.T.);
#1620=ORIENTED_EDGE('',*,*,#1219,.T.);
#1621=ORIENTED_EDGE('',*,*,#1220,.T.);
#1622=ORIENTED_EDGE('',*,*,#1200,.F.);
#1623=ORIENTED_EDGE('',*,*,#1207,.F.);
#1624=ORIENTED_EDGE('',*,*,#1221,.F.);
#1625=ORIENTED_EDGE('',*,*,#1222,.T.);
#1626=ORIENTED_EDGE('',*,*,#1223,.F.);
#1627=ORIENTED_EDGE('',*,*,#1216,.F.);
#1628=ORIENTED_EDGE('',*,*,#1215,.F.);
#1629=ORIENTED_EDGE('',*,*,#1224,.F.);
#1630=ORIENTED_EDGE('',*,*,#1225,.T.);
#1631=ORIENTED_EDGE('',*,*,#1226,.T.);
#1632=ORIENTED_EDGE('',*,*,#1227,.T.);
#1633=ORIENTED_EDGE('',*,*,#1228,.T.);
#1634=ORIENTED_EDGE('',*,*,#1226,.F.);
#1635=ORIENTED_EDGE('',*,*,#1229,.F.);
#1636=ORIENTED_EDGE('',*,*,#1230,.F.);
#1637=ORIENTED_EDGE('',*,*,#1231,.T.);
#1638=ORIENTED_EDGE('',*,*,#1232,.T.);
#1639=ORIENTED_EDGE('',*,*,#1233,.T.);
#1640=ORIENTED_EDGE('',*,*,#1234,.F.);
#1641=ORIENTED_EDGE('',*,*,#1225,.F.);
#1642=ORIENTED_EDGE('',*,*,#1235,.T.);
#1643=ORIENTED_EDGE('',*,*,#1236,.F.);
#1644=ORIENTED_EDGE('',*,*,#1210,.T.);
#1645=ORIENTED_EDGE('',*,*,#1237,.T.);
#1646=ORIENTED_EDGE('',*,*,#1229,.T.);
#1647=ORIENTED_EDGE('',*,*,#1202,.T.);
#1648=ORIENTED_EDGE('',*,*,#1211,.T.);
#1649=ORIENTED_EDGE('',*,*,#1236,.T.);
#1650=ORIENTED_EDGE('',*,*,#1238,.T.);
#1651=ORIENTED_EDGE('',*,*,#1217,.T.);
#1652=ORIENTED_EDGE('',*,*,#1223,.T.);
#1653=ORIENTED_EDGE('',*,*,#1239,.T.);
#1654=ORIENTED_EDGE('',*,*,#1240,.T.);
#1655=ORIENTED_EDGE('',*,*,#1241,.T.);
#1656=ORIENTED_EDGE('',*,*,#1221,.T.);
#1657=ORIENTED_EDGE('',*,*,#1206,.T.);
#1658=ORIENTED_EDGE('',*,*,#1242,.T.);
#1659=ORIENTED_EDGE('',*,*,#1243,.T.);
#1660=ORIENTED_EDGE('',*,*,#1244,.T.);
#1661=ORIENTED_EDGE('',*,*,#1245,.T.);
#1662=ORIENTED_EDGE('',*,*,#1246,.T.);
#1663=ORIENTED_EDGE('',*,*,#1228,.F.);
#1664=ORIENTED_EDGE('',*,*,#1247,.F.);
#1665=ORIENTED_EDGE('',*,*,#1244,.F.);
#1666=ORIENTED_EDGE('',*,*,#1248,.T.);
#1667=ORIENTED_EDGE('',*,*,#1249,.F.);
#1668=ORIENTED_EDGE('',*,*,#1203,.F.);
#1669=ORIENTED_EDGE('',*,*,#1238,.F.);
#1670=ORIENTED_EDGE('',*,*,#1235,.F.);
#1671=ORIENTED_EDGE('',*,*,#1204,.T.);
#1672=ORIENTED_EDGE('',*,*,#1249,.T.);
#1673=ORIENTED_EDGE('',*,*,#1250,.T.);
#1674=ORIENTED_EDGE('',*,*,#1251,.T.);
#1675=ORIENTED_EDGE('',*,*,#1197,.F.);
#1676=ORIENTED_EDGE('',*,*,#1224,.T.);
#1677=ORIENTED_EDGE('',*,*,#1214,.F.);
#1678=ORIENTED_EDGE('',*,*,#1252,.T.);
#1679=ORIENTED_EDGE('',*,*,#1253,.T.);
#1680=ORIENTED_EDGE('',*,*,#1208,.T.);
#1681=ORIENTED_EDGE('',*,*,#1254,.F.);
#1682=ORIENTED_EDGE('',*,*,#1239,.F.);
#1683=ORIENTED_EDGE('',*,*,#1222,.F.);
#1684=ORIENTED_EDGE('',*,*,#1241,.F.);
#1685=ORIENTED_EDGE('',*,*,#1255,.F.);
#1686=ORIENTED_EDGE('',*,*,#1250,.F.);
#1687=ORIENTED_EDGE('',*,*,#1248,.F.);
#1688=ORIENTED_EDGE('',*,*,#1243,.F.);
#1689=ORIENTED_EDGE('',*,*,#1213,.F.);
#1690=ORIENTED_EDGE('',*,*,#1220,.F.);
#1691=ORIENTED_EDGE('',*,*,#1256,.T.);
#1692=ORIENTED_EDGE('',*,*,#1257,.T.);
#1693=ORIENTED_EDGE('',*,*,#1258,.T.);
#1694=ORIENTED_EDGE('',*,*,#1259,.F.);
#1695=ORIENTED_EDGE('',*,*,#1252,.F.);
#1696=ORIENTED_EDGE('',*,*,#1254,.T.);
#1697=ORIENTED_EDGE('',*,*,#1242,.F.);
#1698=ORIENTED_EDGE('',*,*,#1205,.F.);
#1699=ORIENTED_EDGE('',*,*,#1251,.F.);
#1700=ORIENTED_EDGE('',*,*,#1255,.T.);
#1701=ORIENTED_EDGE('',*,*,#1246,.F.);
#1702=ORIENTED_EDGE('',*,*,#1260,.F.);
#1703=ORIENTED_EDGE('',*,*,#1261,.T.);
#1704=ORIENTED_EDGE('',*,*,#1262,.T.);
#1705=ORIENTED_EDGE('',*,*,#1263,.F.);
#1706=ORIENTED_EDGE('',*,*,#1218,.F.);
#1707=ORIENTED_EDGE('',*,*,#1240,.F.);
#1708=ORIENTED_EDGE('',*,*,#1227,.F.);
#1709=ORIENTED_EDGE('',*,*,#1234,.T.);
#1710=ORIENTED_EDGE('',*,*,#1264,.T.);
#1711=ORIENTED_EDGE('',*,*,#1260,.T.);
#1712=ORIENTED_EDGE('',*,*,#1245,.F.);
#1713=ORIENTED_EDGE('',*,*,#1247,.T.);
#1714=ORIENTED_EDGE('',*,*,#1265,.T.);
#1715=ORIENTED_EDGE('',*,*,#1266,.T.);
#1716=ORIENTED_EDGE('',*,*,#1267,.T.);
#1717=ORIENTED_EDGE('',*,*,#1268,.T.);
#1718=ORIENTED_EDGE('',*,*,#1269,.T.);
#1719=ORIENTED_EDGE('',*,*,#1270,.T.);
#1720=ORIENTED_EDGE('',*,*,#1271,.T.);
#1721=ORIENTED_EDGE('',*,*,#1266,.F.);
#1722=ORIENTED_EDGE('',*,*,#1272,.T.);
#1723=ORIENTED_EDGE('',*,*,#1273,.T.);
#1724=ORIENTED_EDGE('',*,*,#1274,.T.);
#1725=ORIENTED_EDGE('',*,*,#1270,.F.);
#1726=ORIENTED_EDGE('',*,*,#1275,.T.);
#1727=ORIENTED_EDGE('',*,*,#1276,.T.);
#1728=ORIENTED_EDGE('',*,*,#1277,.T.);
#1729=ORIENTED_EDGE('',*,*,#1273,.F.);
#1730=ORIENTED_EDGE('',*,*,#1278,.T.);
#1731=ORIENTED_EDGE('',*,*,#1279,.T.);
#1732=ORIENTED_EDGE('',*,*,#1280,.T.);
#1733=ORIENTED_EDGE('',*,*,#1268,.F.);
#1734=ORIENTED_EDGE('',*,*,#1275,.F.);
#1735=ORIENTED_EDGE('',*,*,#1281,.F.);
#1736=ORIENTED_EDGE('',*,*,#1282,.F.);
#1737=ORIENTED_EDGE('',*,*,#1283,.F.);
#1738=ORIENTED_EDGE('',*,*,#1284,.F.);
#1739=ORIENTED_EDGE('',*,*,#1285,.F.);
#1740=ORIENTED_EDGE('',*,*,#1272,.F.);
#1741=ORIENTED_EDGE('',*,*,#1286,.T.);
#1742=ORIENTED_EDGE('',*,*,#1287,.T.);
#1743=ORIENTED_EDGE('',*,*,#1281,.T.);
#1744=ORIENTED_EDGE('',*,*,#1269,.F.);
#1745=ORIENTED_EDGE('',*,*,#1288,.F.);
#1746=ORIENTED_EDGE('',*,*,#1289,.F.);
#1747=ORIENTED_EDGE('',*,*,#1286,.F.);
#1748=ORIENTED_EDGE('',*,*,#1265,.F.);
#1749=ORIENTED_EDGE('',*,*,#1290,.T.);
#1750=ORIENTED_EDGE('',*,*,#1291,.T.);
#1751=ORIENTED_EDGE('',*,*,#1288,.T.);
#1752=ORIENTED_EDGE('',*,*,#1280,.F.);
#1753=ORIENTED_EDGE('',*,*,#1292,.F.);
#1754=ORIENTED_EDGE('',*,*,#1293,.F.);
#1755=ORIENTED_EDGE('',*,*,#1294,.F.);
#1756=ORIENTED_EDGE('',*,*,#1295,.F.);
#1757=ORIENTED_EDGE('',*,*,#1290,.F.);
#1758=ORIENTED_EDGE('',*,*,#1296,.F.);
#1759=ORIENTED_EDGE('',*,*,#1297,.F.);
#1760=ORIENTED_EDGE('',*,*,#1287,.F.);
#1761=ORIENTED_EDGE('',*,*,#1298,.T.);
#1762=ORIENTED_EDGE('',*,*,#1282,.T.);
#1763=ORIENTED_EDGE('',*,*,#1297,.T.);
#1764=ORIENTED_EDGE('',*,*,#1299,.T.);
#1765=ORIENTED_EDGE('',*,*,#1291,.F.);
#1766=ORIENTED_EDGE('',*,*,#1300,.F.);
#1767=ORIENTED_EDGE('',*,*,#1301,.F.);
#1768=ORIENTED_EDGE('',*,*,#1302,.T.);
#1769=ORIENTED_EDGE('',*,*,#1303,.T.);
#1770=ORIENTED_EDGE('',*,*,#1300,.T.);
#1771=ORIENTED_EDGE('',*,*,#1295,.T.);
#1772=ORIENTED_EDGE('',*,*,#1296,.T.);
#1773=ORIENTED_EDGE('',*,*,#1289,.T.);
#1774=ORIENTED_EDGE('',*,*,#1301,.T.);
#1775=ORIENTED_EDGE('',*,*,#1304,.T.);
#1776=ORIENTED_EDGE('',*,*,#1253,.F.);
#1777=ORIENTED_EDGE('',*,*,#1259,.T.);
#1778=ORIENTED_EDGE('',*,*,#1305,.F.);
#1779=ORIENTED_EDGE('',*,*,#1306,.F.);
#1780=ORIENTED_EDGE('',*,*,#1307,.F.);
#1781=ORIENTED_EDGE('',*,*,#1308,.F.);
#1782=ORIENTED_EDGE('',*,*,#1299,.F.);
#1783=ORIENTED_EDGE('',*,*,#1304,.F.);
#1784=ORIENTED_EDGE('',*,*,#1303,.F.);
#1785=ORIENTED_EDGE('',*,*,#1309,.F.);
#1786=ORIENTED_EDGE('',*,*,#1310,.F.);
#1787=ORIENTED_EDGE('',*,*,#1311,.F.);
#1788=ORIENTED_EDGE('',*,*,#1312,.F.);
#1789=ORIENTED_EDGE('',*,*,#1230,.T.);
#1790=ORIENTED_EDGE('',*,*,#1237,.F.);
#1791=ORIENTED_EDGE('',*,*,#1209,.T.);
#1792=ORIENTED_EDGE('',*,*,#1277,.F.);
#1793=ORIENTED_EDGE('',*,*,#1313,.F.);
#1794=ORIENTED_EDGE('',*,*,#1278,.F.);
#1795=ORIENTED_EDGE('',*,*,#1267,.F.);
#1796=ORIENTED_EDGE('',*,*,#1271,.F.);
#1797=ORIENTED_EDGE('',*,*,#1274,.F.);
#1798=ORIENTED_EDGE('',*,*,#1314,.F.);
#1799=ORIENTED_EDGE('',*,*,#1315,.T.);
#1800=ORIENTED_EDGE('',*,*,#1316,.T.);
#1801=ORIENTED_EDGE('',*,*,#1317,.T.);
#1802=ORIENTED_EDGE('',*,*,#1318,.F.);
#1803=ORIENTED_EDGE('',*,*,#1319,.T.);
#1804=ORIENTED_EDGE('',*,*,#1320,.T.);
#1805=ORIENTED_EDGE('',*,*,#1321,.T.);
#1806=ORIENTED_EDGE('',*,*,#1322,.T.);
#1807=ORIENTED_EDGE('',*,*,#1162,.T.);
#1808=ORIENTED_EDGE('',*,*,#1323,.T.);
#1809=ORIENTED_EDGE('',*,*,#1324,.T.);
#1810=ORIENTED_EDGE('',*,*,#1325,.T.);
#1811=ORIENTED_EDGE('',*,*,#1314,.T.);
#1812=ORIENTED_EDGE('',*,*,#1326,.T.);
#1813=ORIENTED_EDGE('',*,*,#1327,.T.);
#1814=ORIENTED_EDGE('',*,*,#1325,.F.);
#1815=ORIENTED_EDGE('',*,*,#1328,.T.);
#1816=ORIENTED_EDGE('',*,*,#1329,.T.);
#1817=ORIENTED_EDGE('',*,*,#1330,.T.);
#1818=ORIENTED_EDGE('',*,*,#1331,.T.);
#1819=ORIENTED_EDGE('',*,*,#1170,.T.);
#1820=ORIENTED_EDGE('',*,*,#1331,.F.);
#1821=ORIENTED_EDGE('',*,*,#1323,.F.);
#1822=ORIENTED_EDGE('',*,*,#1168,.T.);
#1823=ORIENTED_EDGE('',*,*,#1332,.T.);
#1824=ORIENTED_EDGE('',*,*,#1333,.T.);
#1825=ORIENTED_EDGE('',*,*,#1334,.T.);
#1826=ORIENTED_EDGE('',*,*,#1174,.T.);
#1827=ORIENTED_EDGE('',*,*,#1335,.T.);
#1828=ORIENTED_EDGE('',*,*,#1336,.T.);
#1829=ORIENTED_EDGE('',*,*,#1332,.F.);
#1830=ORIENTED_EDGE('',*,*,#1176,.T.);
#1831=ORIENTED_EDGE('',*,*,#1337,.T.);
#1832=ORIENTED_EDGE('',*,*,#1338,.T.);
#1833=ORIENTED_EDGE('',*,*,#1335,.F.);
#1834=ORIENTED_EDGE('',*,*,#1178,.T.);
#1835=ORIENTED_EDGE('',*,*,#1334,.F.);
#1836=ORIENTED_EDGE('',*,*,#1329,.F.);
#1837=ORIENTED_EDGE('',*,*,#1172,.T.);
#1838=ORIENTED_EDGE('',*,*,#1339,.T.);
#1839=ORIENTED_EDGE('',*,*,#1340,.T.);
#1840=ORIENTED_EDGE('',*,*,#1341,.T.);
#1841=ORIENTED_EDGE('',*,*,#1182,.T.);
#1842=ORIENTED_EDGE('',*,*,#1341,.F.);
#1843=ORIENTED_EDGE('',*,*,#1337,.F.);
#1844=ORIENTED_EDGE('',*,*,#1180,.T.);
#1845=ORIENTED_EDGE('',*,*,#1342,.T.);
#1846=ORIENTED_EDGE('',*,*,#1343,.T.);
#1847=ORIENTED_EDGE('',*,*,#1344,.T.);
#1848=ORIENTED_EDGE('',*,*,#1316,.F.);
#1849=ORIENTED_EDGE('',*,*,#1345,.T.);
#1850=ORIENTED_EDGE('',*,*,#1346,.T.);
#1851=ORIENTED_EDGE('',*,*,#1347,.T.);
#1852=ORIENTED_EDGE('',*,*,#1343,.F.);
#1853=ORIENTED_EDGE('',*,*,#1348,.T.);
#1854=ORIENTED_EDGE('',*,*,#1349,.T.);
#1855=ORIENTED_EDGE('',*,*,#1191,.T.);
#1856=ORIENTED_EDGE('',*,*,#1346,.F.);
#1857=ORIENTED_EDGE('',*,*,#1349,.F.);
#1858=ORIENTED_EDGE('',*,*,#1339,.F.);
#1859=ORIENTED_EDGE('',*,*,#1184,.T.);
#1860=ORIENTED_EDGE('',*,*,#1321,.F.);
#1861=ORIENTED_EDGE('',*,*,#1350,.F.);
#1862=ORIENTED_EDGE('',*,*,#1351,.F.);
#1863=ORIENTED_EDGE('',*,*,#1352,.F.);
#1864=ORIENTED_EDGE('',*,*,#1317,.F.);
#1865=ORIENTED_EDGE('',*,*,#1353,.F.);
#1866=ORIENTED_EDGE('',*,*,#1354,.F.);
#1867=ORIENTED_EDGE('',*,*,#1355,.F.);
#1868=ORIENTED_EDGE('',*,*,#1344,.F.);
#1869=ORIENTED_EDGE('',*,*,#1356,.T.);
#1870=ORIENTED_EDGE('',*,*,#1357,.T.);
#1871=ORIENTED_EDGE('',*,*,#1358,.T.);
#1872=ORIENTED_EDGE('',*,*,#1359,.T.);
#1873=ORIENTED_EDGE('',*,*,#1353,.T.);
#1874=ORIENTED_EDGE('',*,*,#1347,.F.);
#1875=ORIENTED_EDGE('',*,*,#1190,.F.);
#1876=ORIENTED_EDGE('',*,*,#1360,.F.);
#1877=ORIENTED_EDGE('',*,*,#1356,.F.);
#1878=ORIENTED_EDGE('',*,*,#1324,.F.);
#1879=ORIENTED_EDGE('',*,*,#1330,.F.);
#1880=ORIENTED_EDGE('',*,*,#1333,.F.);
#1881=ORIENTED_EDGE('',*,*,#1336,.F.);
#1882=ORIENTED_EDGE('',*,*,#1338,.F.);
#1883=ORIENTED_EDGE('',*,*,#1340,.F.);
#1884=ORIENTED_EDGE('',*,*,#1348,.F.);
#1885=ORIENTED_EDGE('',*,*,#1345,.F.);
#1886=ORIENTED_EDGE('',*,*,#1342,.F.);
#1887=ORIENTED_EDGE('',*,*,#1315,.F.);
#1888=ORIENTED_EDGE('',*,*,#1328,.F.);
#1889=ORIENTED_EDGE('',*,*,#1322,.F.);
#1890=ORIENTED_EDGE('',*,*,#1352,.T.);
#1891=ORIENTED_EDGE('',*,*,#1361,.F.);
#1892=ORIENTED_EDGE('',*,*,#1362,.F.);
#1893=ORIENTED_EDGE('',*,*,#1363,.T.);
#1894=ORIENTED_EDGE('',*,*,#1326,.F.);
#1895=ORIENTED_EDGE('',*,*,#1327,.F.);
#1896=ORIENTED_EDGE('',*,*,#1363,.F.);
#1897=ORIENTED_EDGE('',*,*,#1364,.F.);
#1898=ORIENTED_EDGE('',*,*,#1365,.F.);
#1899=ORIENTED_EDGE('',*,*,#1163,.T.);
#1900=ORIENTED_EDGE('',*,*,#1366,.T.);
#1901=ORIENTED_EDGE('',*,*,#1120,.F.);
#1902=ORIENTED_EDGE('',*,*,#1367,.T.);
#1903=ORIENTED_EDGE('',*,*,#1164,.T.);
#1904=ORIENTED_EDGE('',*,*,#1365,.T.);
#1905=ORIENTED_EDGE('',*,*,#1366,.F.);
#1906=ORIENTED_EDGE('',*,*,#1364,.T.);
#1907=ORIENTED_EDGE('',*,*,#1362,.T.);
#1908=ORIENTED_EDGE('',*,*,#1368,.T.);
#1909=ORIENTED_EDGE('',*,*,#1369,.T.);
#1910=ORIENTED_EDGE('',*,*,#1121,.F.);
#1911=ORIENTED_EDGE('',*,*,#1367,.F.);
#1912=ORIENTED_EDGE('',*,*,#1119,.T.);
#1913=ORIENTED_EDGE('',*,*,#1195,.F.);
#1914=ORIENTED_EDGE('',*,*,#1370,.F.);
#1915=ORIENTED_EDGE('',*,*,#1165,.T.);
#1916=ORIENTED_EDGE('',*,*,#1369,.F.);
#1917=ORIENTED_EDGE('',*,*,#1371,.T.);
#1918=ORIENTED_EDGE('',*,*,#1372,.T.);
#1919=ORIENTED_EDGE('',*,*,#1122,.T.);
#1920=ORIENTED_EDGE('',*,*,#1368,.F.);
#1921=ORIENTED_EDGE('',*,*,#1361,.T.);
#1922=ORIENTED_EDGE('',*,*,#1351,.T.);
#1923=ORIENTED_EDGE('',*,*,#1373,.F.);
#1924=ORIENTED_EDGE('',*,*,#1374,.T.);
#1925=ORIENTED_EDGE('',*,*,#1371,.F.);
#1926=ORIENTED_EDGE('',*,*,#1350,.T.);
#1927=ORIENTED_EDGE('',*,*,#1320,.F.);
#1928=ORIENTED_EDGE('',*,*,#1375,.F.);
#1929=ORIENTED_EDGE('',*,*,#1376,.T.);
#1930=ORIENTED_EDGE('',*,*,#1305,.T.);
#1931=ORIENTED_EDGE('',*,*,#1258,.F.);
#1932=ORIENTED_EDGE('',*,*,#1373,.T.);
#1933=ORIENTED_EDGE('',*,*,#1187,.T.);
#1934=ORIENTED_EDGE('',*,*,#1196,.F.);
#1935=ORIENTED_EDGE('',*,*,#1108,.T.);
#1936=ORIENTED_EDGE('',*,*,#1377,.T.);
#1937=ORIENTED_EDGE('',*,*,#1188,.T.);
#1938=ORIENTED_EDGE('',*,*,#1377,.F.);
#1939=ORIENTED_EDGE('',*,*,#1378,.F.);
#1940=ORIENTED_EDGE('',*,*,#1166,.T.);
#1941=ORIENTED_EDGE('',*,*,#1370,.T.);
#1942=ORIENTED_EDGE('',*,*,#1194,.T.);
#1943=ORIENTED_EDGE('',*,*,#1293,.T.);
#1944=ORIENTED_EDGE('',*,*,#1379,.T.);
#1945=ORIENTED_EDGE('',*,*,#1380,.T.);
#1946=ORIENTED_EDGE('',*,*,#1381,.T.);
#1947=ORIENTED_EDGE('',*,*,#1284,.T.);
#1948=ORIENTED_EDGE('',*,*,#1382,.T.);
#1949=ORIENTED_EDGE('',*,*,#1383,.T.);
#1950=ORIENTED_EDGE('',*,*,#1384,.T.);
#1951=ORIENTED_EDGE('',*,*,#1294,.T.);
#1952=ORIENTED_EDGE('',*,*,#1381,.F.);
#1953=ORIENTED_EDGE('',*,*,#1385,.T.);
#1954=ORIENTED_EDGE('',*,*,#1309,.T.);
#1955=ORIENTED_EDGE('',*,*,#1302,.F.);
#1956=ORIENTED_EDGE('',*,*,#1283,.T.);
#1957=ORIENTED_EDGE('',*,*,#1298,.F.);
#1958=ORIENTED_EDGE('',*,*,#1308,.T.);
#1959=ORIENTED_EDGE('',*,*,#1386,.T.);
#1960=ORIENTED_EDGE('',*,*,#1382,.F.);
#1961=ORIENTED_EDGE('',*,*,#1116,.F.);
#1962=ORIENTED_EDGE('',*,*,#1387,.F.);
#1963=ORIENTED_EDGE('',*,*,#1388,.F.);
#1964=ORIENTED_EDGE('',*,*,#1389,.T.);
#1965=ORIENTED_EDGE('',*,*,#1387,.T.);
#1966=ORIENTED_EDGE('',*,*,#1123,.T.);
#1967=ORIENTED_EDGE('',*,*,#1372,.F.);
#1968=ORIENTED_EDGE('',*,*,#1112,.F.);
#1969=ORIENTED_EDGE('',*,*,#1390,.F.);
#1970=ORIENTED_EDGE('',*,*,#1391,.F.);
#1971=ORIENTED_EDGE('',*,*,#1390,.T.);
#1972=ORIENTED_EDGE('',*,*,#1114,.T.);
#1973=ORIENTED_EDGE('',*,*,#1388,.T.);
#1974=ORIENTED_EDGE('',*,*,#1392,.T.);
#1975=ORIENTED_EDGE('',*,*,#1393,.T.);
#1976=ORIENTED_EDGE('',*,*,#1106,.T.);
#1977=ORIENTED_EDGE('',*,*,#1394,.T.);
#1978=ORIENTED_EDGE('',*,*,#1395,.T.);
#1979=ORIENTED_EDGE('',*,*,#1358,.F.);
#1980=ORIENTED_EDGE('',*,*,#1360,.T.);
#1981=ORIENTED_EDGE('',*,*,#1189,.T.);
#1982=ORIENTED_EDGE('',*,*,#1378,.T.);
#1983=ORIENTED_EDGE('',*,*,#1107,.T.);
#1984=ORIENTED_EDGE('',*,*,#1393,.F.);
#1985=ORIENTED_EDGE('',*,*,#1357,.F.);
#1986=ORIENTED_EDGE('',*,*,#1105,.T.);
#1987=ORIENTED_EDGE('',*,*,#1391,.T.);
#1988=ORIENTED_EDGE('',*,*,#1396,.T.);
#1989=ORIENTED_EDGE('',*,*,#1394,.F.);
#1990=ORIENTED_EDGE('',*,*,#1354,.T.);
#1991=ORIENTED_EDGE('',*,*,#1359,.F.);
#1992=ORIENTED_EDGE('',*,*,#1395,.F.);
#1993=ORIENTED_EDGE('',*,*,#1397,.T.);
#1994=ORIENTED_EDGE('',*,*,#1398,.F.);
#1995=ORIENTED_EDGE('',*,*,#1389,.F.);
#1996=ORIENTED_EDGE('',*,*,#1374,.F.);
#1997=ORIENTED_EDGE('',*,*,#1257,.F.);
#1998=ORIENTED_EDGE('',*,*,#1399,.F.);
#1999=ORIENTED_EDGE('',*,*,#1232,.F.);
#2000=ORIENTED_EDGE('',*,*,#1397,.F.);
#2001=ORIENTED_EDGE('',*,*,#1396,.F.);
#2002=ORIENTED_EDGE('',*,*,#1392,.F.);
#2003=ORIENTED_EDGE('',*,*,#1399,.T.);
#2004=ORIENTED_EDGE('',*,*,#1400,.F.);
#2005=ORIENTED_EDGE('',*,*,#1262,.F.);
#2006=ORIENTED_EDGE('',*,*,#1401,.F.);
#2007=ORIENTED_EDGE('',*,*,#1401,.T.);
#2008=ORIENTED_EDGE('',*,*,#1261,.F.);
#2009=ORIENTED_EDGE('',*,*,#1264,.F.);
#2010=ORIENTED_EDGE('',*,*,#1233,.F.);
#2011=ORIENTED_EDGE('',*,*,#1400,.T.);
#2012=ORIENTED_EDGE('',*,*,#1256,.F.);
#2013=ORIENTED_EDGE('',*,*,#1219,.F.);
#2014=ORIENTED_EDGE('',*,*,#1263,.T.);
#2015=ORIENTED_EDGE('',*,*,#1355,.T.);
#2016=ORIENTED_EDGE('',*,*,#1398,.T.);
#2017=ORIENTED_EDGE('',*,*,#1231,.F.);
#2018=ORIENTED_EDGE('',*,*,#1312,.T.);
#2019=ORIENTED_EDGE('',*,*,#1402,.F.);
#2020=ORIENTED_EDGE('',*,*,#1403,.T.);
#2021=ORIENTED_EDGE('',*,*,#1318,.T.);
#2022=ORIENTED_EDGE('',*,*,#1311,.T.);
#2023=ORIENTED_EDGE('',*,*,#1404,.F.);
#2024=ORIENTED_EDGE('',*,*,#1405,.T.);
#2025=ORIENTED_EDGE('',*,*,#1402,.T.);
#2026=ORIENTED_EDGE('',*,*,#1310,.T.);
#2027=ORIENTED_EDGE('',*,*,#1385,.F.);
#2028=ORIENTED_EDGE('',*,*,#1380,.F.);
#2029=ORIENTED_EDGE('',*,*,#1406,.F.);
#2030=ORIENTED_EDGE('',*,*,#1404,.T.);
#2031=ORIENTED_EDGE('',*,*,#1307,.T.);
#2032=ORIENTED_EDGE('',*,*,#1407,.F.);
#2033=ORIENTED_EDGE('',*,*,#1408,.T.);
#2034=ORIENTED_EDGE('',*,*,#1383,.F.);
#2035=ORIENTED_EDGE('',*,*,#1386,.F.);
#2036=ORIENTED_EDGE('',*,*,#1306,.T.);
#2037=ORIENTED_EDGE('',*,*,#1376,.F.);
#2038=ORIENTED_EDGE('',*,*,#1409,.F.);
#2039=ORIENTED_EDGE('',*,*,#1407,.T.);
#2040=ORIENTED_EDGE('',*,*,#1403,.F.);
#2041=ORIENTED_EDGE('',*,*,#1405,.F.);
#2042=ORIENTED_EDGE('',*,*,#1406,.T.);
#2043=ORIENTED_EDGE('',*,*,#1379,.F.);
#2044=ORIENTED_EDGE('',*,*,#1292,.T.);
#2045=ORIENTED_EDGE('',*,*,#1279,.F.);
#2046=ORIENTED_EDGE('',*,*,#1313,.T.);
#2047=ORIENTED_EDGE('',*,*,#1276,.F.);
#2048=ORIENTED_EDGE('',*,*,#1285,.T.);
#2049=ORIENTED_EDGE('',*,*,#1384,.F.);
#2050=ORIENTED_EDGE('',*,*,#1408,.F.);
#2051=ORIENTED_EDGE('',*,*,#1409,.T.);
#2052=ORIENTED_EDGE('',*,*,#1375,.T.);
#2053=ORIENTED_EDGE('',*,*,#1319,.F.);
#2054=PLANE('',#2298);
#2055=PLANE('',#2299);
#2056=PLANE('',#2300);
#2057=PLANE('',#2301);
#2058=PLANE('',#2302);
#2059=PLANE('',#2303);
#2060=PLANE('',#2304);
#2061=PLANE('',#2305);
#2062=PLANE('',#2306);
#2063=PLANE('',#2307);
#2064=PLANE('',#2308);
#2065=PLANE('',#2309);
#2066=PLANE('',#2313);
#2067=PLANE('',#2317);
#2068=PLANE('',#2321);
#2069=PLANE('',#2325);
#2070=PLANE('',#2329);
#2071=PLANE('',#2330);
#2072=PLANE('',#2333);
#2073=PLANE('',#2336);
#2074=PLANE('',#2339);
#2075=PLANE('',#2342);
#2076=PLANE('',#2345);
#2077=PLANE('',#2346);
#2078=PLANE('',#2347);
#2079=PLANE('',#2348);
#2080=PLANE('',#2349);
#2081=PLANE('',#2351);
#2082=PLANE('',#2352);
#2083=PLANE('',#2355);
#2084=PLANE('',#2360);
#2085=PLANE('',#2368);
#2086=PLANE('',#2369);
#2087=PLANE('',#2370);
#2088=PLANE('',#2371);
#2089=PLANE('',#2372);
#2090=PLANE('',#2373);
#2091=PLANE('',#2374);
#2092=PLANE('',#2375);
#2093=PLANE('',#2376);
#2094=PLANE('',#2377);
#2095=PLANE('',#2378);
#2096=PLANE('',#2379);
#2097=PLANE('',#2380);
#2098=PLANE('',#2381);
#2099=PLANE('',#2382);
#2100=PLANE('',#2383);
#2101=PLANE('',#2384);
#2102=PLANE('',#2385);
#2103=PLANE('',#2386);
#2104=PLANE('',#2387);
#2105=PLANE('',#2388);
#2106=PLANE('',#2389);
#2107=PLANE('',#2390);
#2108=PLANE('',#2391);
#2109=PLANE('',#2392);
#2110=PLANE('',#2393);
#2111=PLANE('',#2395);
#2112=PLANE('',#2398);
#2113=PLANE('',#2400);
#2114=PLANE('',#2402);
#2115=PLANE('',#2403);
#2116=PLANE('',#2404);
#2117=PLANE('',#2406);
#2118=PLANE('',#2407);
#2119=PLANE('',#2408);
#2120=PLANE('',#2409);
#2121=PLANE('',#2410);
#2122=PLANE('',#2411);
#2123=PLANE('',#2412);
#2124=PLANE('',#2413);
#2125=PLANE('',#2414);
#2126=PLANE('',#2415);
#2127=PLANE('',#2416);
#2128=PLANE('',#2417);
#2129=PLANE('',#2418);
#2130=PLANE('',#2419);
#2131=PLANE('',#2420);
#2132=PLANE('',#2421);
#2133=PLANE('',#2422);
#2134=PLANE('',#2423);
#2135=PLANE('',#2424);
#2136=PLANE('',#2425);
#2137=PLANE('',#2426);
#2138=PLANE('',#2427);
#2139=PLANE('',#2428);
#2140=PLANE('',#2429);
#2141=PLANE('',#2430);
#2142=PLANE('',#2431);
#2143=PLANE('',#2432);
#2144=PLANE('',#2433);
#2145=PLANE('',#2434);
#2146=PLANE('',#2435);
#2147=PLANE('',#2436);
#2148=PLANE('',#2437);
#2149=PLANE('',#2438);
#2150=PLANE('',#2439);
#2151=PLANE('',#2440);
#2152=PLANE('',#2441);
#2153=PLANE('',#2442);
#2154=PLANE('',#2443);
#2155=ADVANCED_FACE('',(#100),#2054,.T.);
#2156=ADVANCED_FACE('',(#101),#2055,.T.);
#2157=ADVANCED_FACE('',(#102),#2056,.T.);
#2158=ADVANCED_FACE('',(#103),#2057,.T.);
#2159=ADVANCED_FACE('',(#104),#2058,.T.);
#2160=ADVANCED_FACE('',(#105),#2059,.T.);
#2161=ADVANCED_FACE('',(#106),#2060,.T.);
#2162=ADVANCED_FACE('',(#107),#2061,.T.);
#2163=ADVANCED_FACE('',(#108),#2062,.T.);
#2164=ADVANCED_FACE('',(#109),#2063,.T.);
#2165=ADVANCED_FACE('',(#110),#2064,.T.);
#2166=ADVANCED_FACE('',(#111),#2065,.T.);
#2167=ADVANCED_FACE('',(#112),#88,.T.);
#2168=ADVANCED_FACE('',(#113),#2066,.T.);
#2169=ADVANCED_FACE('',(#114),#89,.T.);
#2170=ADVANCED_FACE('',(#115),#2067,.T.);
#2171=ADVANCED_FACE('',(#116),#90,.F.);
#2172=ADVANCED_FACE('',(#117),#2068,.T.);
#2173=ADVANCED_FACE('',(#118),#91,.T.);
#2174=ADVANCED_FACE('',(#119),#2069,.T.);
#2175=ADVANCED_FACE('',(#120),#92,.T.);
#2176=ADVANCED_FACE('',(#121),#2070,.T.);
#2177=ADVANCED_FACE('',(#122),#2071,.T.);
#2178=ADVANCED_FACE('',(#123),#59,.T.);
#2179=ADVANCED_FACE('',(#124),#2072,.T.);
#2180=ADVANCED_FACE('',(#125),#60,.T.);
#2181=ADVANCED_FACE('',(#126),#2073,.T.);
#2182=ADVANCED_FACE('',(#127),#61,.F.);
#2183=ADVANCED_FACE('',(#128),#2074,.T.);
#2184=ADVANCED_FACE('',(#129),#62,.T.);
#2185=ADVANCED_FACE('',(#130),#2075,.T.);
#2186=ADVANCED_FACE('',(#131),#63,.T.);
#2187=ADVANCED_FACE('',(#132),#2076,.T.);
#2188=ADVANCED_FACE('',(#133),#2077,.T.);
#2189=ADVANCED_FACE('',(#134),#2078,.T.);
#2190=ADVANCED_FACE('',(#135),#2079,.T.);
#2191=ADVANCED_FACE('',(#136),#2080,.T.);
#2192=ADVANCED_FACE('',(#137),#51,.T.);
#2193=ADVANCED_FACE('',(#138),#2081,.T.);
#2194=ADVANCED_FACE('',(#139),#2082,.T.);
#2195=ADVANCED_FACE('',(#140),#52,.T.);
#2196=ADVANCED_FACE('',(#141),#2083,.T.);
#2197=ADVANCED_FACE('',(#142),#64,.F.);
#2198=ADVANCED_FACE('',(#143),#53,.T.);
#2199=ADVANCED_FACE('',(#144),#2084,.T.);
#2200=ADVANCED_FACE('',(#145),#93,.F.);
#2201=ADVANCED_FACE('',(#146),#54,.T.);
#2202=ADVANCED_FACE('',(#147),#55,.T.);
#2203=ADVANCED_FACE('',(#148),#56,.T.);
#2204=ADVANCED_FACE('',(#149),#57,.T.);
#2205=ADVANCED_FACE('',(#150),#65,.F.);
#2206=ADVANCED_FACE('',(#151),#58,.T.);
#2207=ADVANCED_FACE('',(#152),#94,.F.);
#2208=ADVANCED_FACE('',(#153),#2085,.T.);
#2209=ADVANCED_FACE('',(#154),#2086,.T.);
#2210=ADVANCED_FACE('',(#155),#2087,.T.);
#2211=ADVANCED_FACE('',(#156),#2088,.T.);
#2212=ADVANCED_FACE('',(#157),#2089,.T.);
#2213=ADVANCED_FACE('',(#158),#2090,.T.);
#2214=ADVANCED_FACE('',(#159),#2091,.T.);
#2215=ADVANCED_FACE('',(#160),#2092,.T.);
#2216=ADVANCED_FACE('',(#161),#2093,.T.);
#2217=ADVANCED_FACE('',(#162),#2094,.T.);
#2218=ADVANCED_FACE('',(#163),#2095,.T.);
#2219=ADVANCED_FACE('',(#164),#2096,.T.);
#2220=ADVANCED_FACE('',(#165),#2097,.T.);
#2221=ADVANCED_FACE('',(#166),#2098,.T.);
#2222=ADVANCED_FACE('',(#167),#2099,.T.);
#2223=ADVANCED_FACE('',(#168),#2100,.T.);
#2224=ADVANCED_FACE('',(#169),#2101,.T.);
#2225=ADVANCED_FACE('',(#170),#2102,.T.);
#2226=ADVANCED_FACE('',(#171),#2103,.T.);
#2227=ADVANCED_FACE('',(#172),#2104,.T.);
#2228=ADVANCED_FACE('',(#173),#2105,.F.);
#2229=ADVANCED_FACE('',(#174),#2106,.T.);
#2230=ADVANCED_FACE('',(#175),#2107,.T.);
#2231=ADVANCED_FACE('',(#176),#2108,.T.);
#2232=ADVANCED_FACE('',(#177),#2109,.T.);
#2233=ADVANCED_FACE('',(#178),#2110,.T.);
#2234=ADVANCED_FACE('',(#179),#95,.T.);
#2235=ADVANCED_FACE('',(#180),#2111,.T.);
#2236=ADVANCED_FACE('',(#181),#96,.F.);
#2237=ADVANCED_FACE('',(#182),#2112,.T.);
#2238=ADVANCED_FACE('',(#183),#97,.T.);
#2239=ADVANCED_FACE('',(#184),#2113,.T.);
#2240=ADVANCED_FACE('',(#185),#98,.T.);
#2241=ADVANCED_FACE('',(#186),#2114,.T.);
#2242=ADVANCED_FACE('',(#187),#2115,.T.);
#2243=ADVANCED_FACE('',(#188),#2116,.T.);
#2244=ADVANCED_FACE('',(#189),#99,.T.);
#2245=ADVANCED_FACE('',(#190),#2117,.T.);
#2246=ADVANCED_FACE('',(#191),#2118,.T.);
#2247=ADVANCED_FACE('',(#192),#2119,.T.);
#2248=ADVANCED_FACE('',(#193),#2120,.T.);
#2249=ADVANCED_FACE('',(#194),#2121,.F.);
#2250=ADVANCED_FACE('',(#195),#2122,.T.);
#2251=ADVANCED_FACE('',(#196),#2123,.T.);
#2252=ADVANCED_FACE('',(#197),#2124,.T.);
#2253=ADVANCED_FACE('',(#198),#2125,.F.);
#2254=ADVANCED_FACE('',(#199),#2126,.T.);
#2255=ADVANCED_FACE('',(#200),#2127,.T.);
#2256=ADVANCED_FACE('',(#201),#2128,.T.);
#2257=ADVANCED_FACE('',(#202),#2129,.T.);
#2258=ADVANCED_FACE('',(#203),#2130,.T.);
#2259=ADVANCED_FACE('',(#204),#2131,.T.);
#2260=ADVANCED_FACE('',(#205),#2132,.T.);
#2261=ADVANCED_FACE('',(#206),#2133,.F.);
#2262=ADVANCED_FACE('',(#207),#2134,.F.);
#2263=ADVANCED_FACE('',(#208),#2135,.F.);
#2264=ADVANCED_FACE('',(#209),#2136,.F.);
#2265=ADVANCED_FACE('',(#210),#2137,.T.);
#2266=ADVANCED_FACE('',(#211),#2138,.T.);
#2267=ADVANCED_FACE('',(#212),#2139,.T.);
#2268=ADVANCED_FACE('',(#213),#2140,.T.);
#2269=ADVANCED_FACE('',(#214),#2141,.T.);
#2270=ADVANCED_FACE('',(#215),#2142,.T.);
#2271=ADVANCED_FACE('',(#216),#2143,.T.);
#2272=ADVANCED_FACE('',(#217),#2144,.T.);
#2273=ADVANCED_FACE('',(#218),#2145,.F.);
#2274=ADVANCED_FACE('',(#219),#2146,.T.);
#2275=ADVANCED_FACE('',(#220),#2147,.T.);
#2276=ADVANCED_FACE('',(#221),#2148,.T.);
#2277=ADVANCED_FACE('',(#222),#2149,.T.);
#2278=ADVANCED_FACE('',(#223),#2150,.T.);
#2279=ADVANCED_FACE('',(#224),#2151,.T.);
#2280=ADVANCED_FACE('',(#225),#2152,.T.);
#2281=ADVANCED_FACE('',(#226),#2153,.T.);
#2282=ADVANCED_FACE('',(#227),#2154,.T.);
#2283=CLOSED_SHELL('',(#2155,#2156,#2157,#2158,#2159,#2160,#2161,#2162,
#2163,#2164,#2165,#2166,#2167,#2168,#2169,#2170,#2171,#2172,#2173,#2174,
#2175,#2176,#2177,#2178,#2179,#2180,#2181,#2182,#2183,#2184,#2185,#2186,
#2187,#2188,#2189,#2190,#2191,#2192,#2193,#2194,#2195,#2196,#2197,#2198,
#2199,#2200,#2201,#2202,#2203,#2204,#2205,#2206,#2207,#2208,#2209,#2210,
#2211,#2212,#2213,#2214,#2215,#2216,#2217,#2218,#2219,#2220,#2221,#2222,
#2223,#2224,#2225,#2226,#2227,#2228,#2229,#2230,#2231,#2232,#2233,#2234,
#2235,#2236,#2237,#2238,#2239,#2240,#2241,#2242,#2243,#2244,#2245,#2246,
#2247,#2248,#2249,#2250,#2251,#2252,#2253,#2254,#2255,#2256,#2257,#2258,
#2259,#2260,#2261,#2262,#2263,#2264,#2265,#2266,#2267,#2268,#2269,#2270,
#2271,#2272,#2273,#2274,#2275,#2276,#2277,#2278,#2279,#2280,#2281,#2282));
#2284=DERIVED_UNIT_ELEMENT(#2286,1.);
#2285=DERIVED_UNIT_ELEMENT(#3927,-3.);
#2286=(
MASS_UNIT()
NAMED_UNIT(*)
SI_UNIT(.KILO.,.GRAM.)
);
#2287=DERIVED_UNIT((#2284,#2285));
#2288=MEASURE_REPRESENTATION_ITEM('density measure',
POSITIVE_RATIO_MEASURE(7850.),#2287);
#2289=PROPERTY_DEFINITION_REPRESENTATION(#2294,#2291);
#2290=PROPERTY_DEFINITION_REPRESENTATION(#2295,#2292);
#2291=REPRESENTATION('material name',(#2293),#3924);
#2292=REPRESENTATION('density',(#2288),#3924);
#2293=DESCRIPTIVE_REPRESENTATION_ITEM('Steel','Steel');
#2294=PROPERTY_DEFINITION('material property','material name',#3939);
#2295=PROPERTY_DEFINITION('material property','density of part',#3939);
#2296=AXIS2_PLACEMENT_3D('',#3011,#2445,#2446);
#2297=AXIS2_PLACEMENT_3D('',#3012,#2447,#2448);
#2298=AXIS2_PLACEMENT_3D('',#3013,#2449,#2450);
#2299=AXIS2_PLACEMENT_3D('',#3022,#2455,#2456);
#2300=AXIS2_PLACEMENT_3D('',#3028,#2460,#2461);
#2301=AXIS2_PLACEMENT_3D('',#3034,#2465,#2466);
#2302=AXIS2_PLACEMENT_3D('',#3040,#2470,#2471);
#2303=AXIS2_PLACEMENT_3D('',#3046,#2475,#2476);
#2304=AXIS2_PLACEMENT_3D('',#3060,#2484,#2485);
#2305=AXIS2_PLACEMENT_3D('',#3064,#2488,#2489);
#2306=AXIS2_PLACEMENT_3D('',#3068,#2492,#2493);
#2307=AXIS2_PLACEMENT_3D('',#3072,#2496,#2497);
#2308=AXIS2_PLACEMENT_3D('',#3086,#2505,#2506);
#2309=AXIS2_PLACEMENT_3D('',#3094,#2511,#2512);
#2310=AXIS2_PLACEMENT_3D('',#3103,#2517,#2518);
#2311=AXIS2_PLACEMENT_3D('',#3107,#2520,#2521);
#2312=AXIS2_PLACEMENT_3D('',#3108,#2522,#2523);
#2313=AXIS2_PLACEMENT_3D('',#3109,#2524,#2525);
#2314=AXIS2_PLACEMENT_3D('',#3115,#2529,#2530);
#2315=AXIS2_PLACEMENT_3D('',#3119,#2532,#2533);
#2316=AXIS2_PLACEMENT_3D('',#3120,#2534,#2535);
#2317=AXIS2_PLACEMENT_3D('',#3121,#2536,#2537);
#2318=AXIS2_PLACEMENT_3D('',#3127,#2541,#2542);
#2319=AXIS2_PLACEMENT_3D('',#3131,#2544,#2545);
#2320=AXIS2_PLACEMENT_3D('',#3132,#2546,#2547);
#2321=AXIS2_PLACEMENT_3D('',#3133,#2548,#2549);
#2322=AXIS2_PLACEMENT_3D('',#3139,#2553,#2554);
#2323=AXIS2_PLACEMENT_3D('',#3143,#2556,#2557);
#2324=AXIS2_PLACEMENT_3D('',#3144,#2558,#2559);
#2325=AXIS2_PLACEMENT_3D('',#3145,#2560,#2561);
#2326=AXIS2_PLACEMENT_3D('',#3151,#2565,#2566);
#2327=AXIS2_PLACEMENT_3D('',#3155,#2568,#2569);
#2328=AXIS2_PLACEMENT_3D('',#3156,#2570,#2571);
#2329=AXIS2_PLACEMENT_3D('',#3157,#2572,#2573);
#2330=AXIS2_PLACEMENT_3D('',#3160,#2576,#2577);
#2331=AXIS2_PLACEMENT_3D('',#3172,#2584,#2585);
#2332=AXIS2_PLACEMENT_3D('',#3175,#2587,#2588);
#2333=AXIS2_PLACEMENT_3D('',#3176,#2589,#2590);
#2334=AXIS2_PLACEMENT_3D('',#3180,#2593,#2594);
#2335=AXIS2_PLACEMENT_3D('',#3183,#2596,#2597);
#2336=AXIS2_PLACEMENT_3D('',#3184,#2598,#2599);
#2337=AXIS2_PLACEMENT_3D('',#3188,#2602,#2603);
#2338=AXIS2_PLACEMENT_3D('',#3191,#2605,#2606);
#2339=AXIS2_PLACEMENT_3D('',#3192,#2607,#2608);
#2340=AXIS2_PLACEMENT_3D('',#3196,#2611,#2612);
#2341=AXIS2_PLACEMENT_3D('',#3199,#2614,#2615);
#2342=AXIS2_PLACEMENT_3D('',#3200,#2616,#2617);
#2343=AXIS2_PLACEMENT_3D('',#3204,#2620,#2621);
#2344=AXIS2_PLACEMENT_3D('',#3207,#2623,#2624);
#2345=AXIS2_PLACEMENT_3D('',#3208,#2625,#2626);
#2346=AXIS2_PLACEMENT_3D('',#3222,#2634,#2635);
#2347=AXIS2_PLACEMENT_3D('',#3225,#2638,#2639);
#2348=AXIS2_PLACEMENT_3D('',#3226,#2640,#2641);
#2349=AXIS2_PLACEMENT_3D('',#3230,#2644,#2645);
#2350=AXIS2_PLACEMENT_3D('',#3258,#2647,#2648);
#2351=AXIS2_PLACEMENT_3D('',#3272,#2649,#2650);
#2352=AXIS2_PLACEMENT_3D('',#3301,#2655,#2656);
#2353=AXIS2_PLACEMENT_3D('',#3308,#2660,#2661);
#2354=AXIS2_PLACEMENT_3D('',#3334,#2662,#2663);
#2355=AXIS2_PLACEMENT_3D('',#3349,#2664,#2665);
#2356=AXIS2_PLACEMENT_3D('',#3364,#2670,#2671);
#2357=AXIS2_PLACEMENT_3D('',#3373,#2672,#2673);
#2358=AXIS2_PLACEMENT_3D('',#3380,#2674,#2675);
#2359=AXIS2_PLACEMENT_3D('',#3407,#2676,#2677);
#2360=AXIS2_PLACEMENT_3D('',#3421,#2678,#2679);
#2361=AXIS2_PLACEMENT_3D('',#3433,#2686,#2687);
#2362=AXIS2_PLACEMENT_3D('',#3435,#2688,#2689);
#2363=AXIS2_PLACEMENT_3D('',#3443,#2690,#2691);
#2364=AXIS2_PLACEMENT_3D('',#3566,#2692,#2693);
#2365=AXIS2_PLACEMENT_3D('',#3569,#2695,#2696);
#2366=AXIS2_PLACEMENT_3D('',#3603,#2697,#2698);
#2367=AXIS2_PLACEMENT_3D('',#3606,#2700,#2701);
#2368=AXIS2_PLACEMENT_3D('',#3607,#2702,#2703);
#2369=AXIS2_PLACEMENT_3D('',#3609,#2705,#2706);
#2370=AXIS2_PLACEMENT_3D('',#3611,#2708,#2709);
#2371=AXIS2_PLACEMENT_3D('',#3619,#2714,#2715);
#2372=AXIS2_PLACEMENT_3D('',#3627,#2720,#2721);
#2373=AXIS2_PLACEMENT_3D('',#3629,#2723,#2724);
#2374=AXIS2_PLACEMENT_3D('',#3638,#2729,#2730);
#2375=AXIS2_PLACEMENT_3D('',#3644,#2734,#2735);
#2376=AXIS2_PLACEMENT_3D('',#3650,#2739,#2740);
#2377=AXIS2_PLACEMENT_3D('',#3656,#2744,#2745);
#2378=AXIS2_PLACEMENT_3D('',#3662,#2749,#2750);
#2379=AXIS2_PLACEMENT_3D('',#3672,#2756,#2757);
#2380=AXIS2_PLACEMENT_3D('',#3676,#2760,#2761);
#2381=AXIS2_PLACEMENT_3D('',#3680,#2764,#2765);
#2382=AXIS2_PLACEMENT_3D('',#3684,#2768,#2769);
#2383=AXIS2_PLACEMENT_3D('',#3692,#2774,#2775);
#2384=AXIS2_PLACEMENT_3D('',#3696,#2778,#2779);
#2385=AXIS2_PLACEMENT_3D('',#3700,#2782,#2783);
#2386=AXIS2_PLACEMENT_3D('',#3704,#2786,#2787);
#2387=AXIS2_PLACEMENT_3D('',#3708,#2790,#2791);
#2388=AXIS2_PLACEMENT_3D('',#3710,#2793,#2794);
#2389=AXIS2_PLACEMENT_3D('',#3725,#2803,#2804);
#2390=AXIS2_PLACEMENT_3D('',#3727,#2806,#2807);
#2391=AXIS2_PLACEMENT_3D('',#3746,#2817,#2818);
#2392=AXIS2_PLACEMENT_3D('',#3752,#2822,#2823);
#2393=AXIS2_PLACEMENT_3D('',#3757,#2827,#2828);
#2394=AXIS2_PLACEMENT_3D('',#3762,#2832,#2833);
#2395=AXIS2_PLACEMENT_3D('',#3763,#2834,#2835);
#2396=AXIS2_PLACEMENT_3D('',#3768,#2839,#2840);
#2397=AXIS2_PLACEMENT_3D('',#3771,#2842,#2843);
#2398=AXIS2_PLACEMENT_3D('',#3772,#2844,#2845);
#2399=AXIS2_PLACEMENT_3D('',#3776,#2848,#2849);
#2400=AXIS2_PLACEMENT_3D('',#3777,#2850,#2851);
#2401=AXIS2_PLACEMENT_3D('',#3782,#2855,#2856);
#2402=AXIS2_PLACEMENT_3D('',#3783,#2857,#2858);
#2403=AXIS2_PLACEMENT_3D('',#3789,#2862,#2863);
#2404=AXIS2_PLACEMENT_3D('',#3794,#2867,#2868);
#2405=AXIS2_PLACEMENT_3D('',#3797,#2871,#2872);
#2406=AXIS2_PLACEMENT_3D('',#3798,#2873,#2874);
#2407=AXIS2_PLACEMENT_3D('',#3804,#2878,#2879);
#2408=AXIS2_PLACEMENT_3D('',#3810,#2883,#2884);
#2409=AXIS2_PLACEMENT_3D('',#3818,#2889,#2890);
#2410=AXIS2_PLACEMENT_3D('',#3820,#2892,#2893);
#2411=AXIS2_PLACEMENT_3D('',#3821,#2894,#2895);
#2412=AXIS2_PLACEMENT_3D('',#3827,#2899,#2900);
#2413=AXIS2_PLACEMENT_3D('',#3831,#2903,#2904);
#2414=AXIS2_PLACEMENT_3D('',#3834,#2907,#2908);
#2415=AXIS2_PLACEMENT_3D('',#3838,#2911,#2912);
#2416=AXIS2_PLACEMENT_3D('',#3840,#2914,#2915);
#2417=AXIS2_PLACEMENT_3D('',#3844,#2918,#2919);
#2418=AXIS2_PLACEMENT_3D('',#3847,#2922,#2923);
#2419=AXIS2_PLACEMENT_3D('',#3851,#2926,#2927);
#2420=AXIS2_PLACEMENT_3D('',#3853,#2929,#2930);
#2421=AXIS2_PLACEMENT_3D('',#3855,#2932,#2933);
#2422=AXIS2_PLACEMENT_3D('',#3856,#2934,#2935);
#2423=AXIS2_PLACEMENT_3D('',#3862,#2939,#2940);
#2424=AXIS2_PLACEMENT_3D('',#3868,#2944,#2945);
#2425=AXIS2_PLACEMENT_3D('',#3870,#2947,#2948);
#2426=AXIS2_PLACEMENT_3D('',#3872,#2950,#2951);
#2427=AXIS2_PLACEMENT_3D('',#3876,#2954,#2955);
#2428=AXIS2_PLACEMENT_3D('',#3878,#2957,#2958);
#2429=AXIS2_PLACEMENT_3D('',#3882,#2961,#2962);
#2430=AXIS2_PLACEMENT_3D('',#3884,#2964,#2965);
#2431=AXIS2_PLACEMENT_3D('',#3889,#2969,#2970);
#2432=AXIS2_PLACEMENT_3D('',#3890,#2971,#2972);
#2433=AXIS2_PLACEMENT_3D('',#3892,#2974,#2975);
#2434=AXIS2_PLACEMENT_3D('',#3895,#2978,#2979);
#2435=AXIS2_PLACEMENT_3D('',#3897,#2981,#2982);
#2436=AXIS2_PLACEMENT_3D('',#3900,#2985,#2986);
#2437=AXIS2_PLACEMENT_3D('',#3901,#2987,#2988);
#2438=AXIS2_PLACEMENT_3D('',#3902,#2989,#2990);
#2439=AXIS2_PLACEMENT_3D('',#3906,#2993,#2994);
#2440=AXIS2_PLACEMENT_3D('',#3910,#2997,#2998);
#2441=AXIS2_PLACEMENT_3D('',#3912,#3000,#3001);
#2442=AXIS2_PLACEMENT_3D('',#3916,#3004,#3005);
#2443=AXIS2_PLACEMENT_3D('',#3918,#3007,#3008);
#2444=AXIS2_PLACEMENT_3D('',#3919,#3009,#3010);
#2445=DIRECTION('axis',(0.,0.,1.));
#2446=DIRECTION('refdir',(1.,0.,0.));
#2447=DIRECTION('axis',(0.,0.,1.));
#2448=DIRECTION('refdir',(1.,0.,0.));
#2449=DIRECTION('center_axis',(0.707106781186548,0.5,-0.499999999999999));
#2450=DIRECTION('ref_axis',(-0.577350269189625,-2.77555756156289E-17,-0.816496580927727));
#2451=DIRECTION('',(0.,-0.707106781186547,-0.707106781186548));
#2452=DIRECTION('',(-0.577350269189624,-2.49985149229864E-15,-0.816496580927728));
#2453=DIRECTION('',(0.,0.707106781186547,0.707106781186548));
#2454=DIRECTION('',(0.678598344545864,-0.281084637714817,0.678598344545831));
#2455=DIRECTION('center_axis',(0.499999999999987,0.853553390593278,-0.146446609406749));
#2456=DIRECTION('ref_axis',(-0.281084637714868,4.02455846426619E-16,-0.959682982260653));
#2457=DIRECTION('',(-0.707106781186547,0.5,0.500000000000001));
#2458=DIRECTION('',(0.281084637714856,0.,0.959682982260657));
#2459=DIRECTION('',(0.707106781186547,-0.5,-0.500000000000001));
#2460=DIRECTION('center_axis',(0.,1.,2.51214793389409E-14));
#2461=DIRECTION('ref_axis',(0.,-2.51214793389409E-14,1.));
#2462=DIRECTION('',(-1.,0.,0.));
#2463=DIRECTION('',(-0.281084637714878,-2.41086562107943E-14,0.95968298226065));
#2464=DIRECTION('',(1.,0.,0.));
#2465=DIRECTION('center_axis',(-0.499999999999997,0.853553390593274,-0.146446609406737));
#2466=DIRECTION('ref_axis',(-0.28108463771484,4.44089209850062E-16,0.959682982260662));
#2467=DIRECTION('',(-0.707106781186544,-0.500000000000002,-0.500000000000003));
#2468=DIRECTION('',(-0.678598344545841,-0.281084637714783,0.678598344545868));
#2469=DIRECTION('',(0.707106781186544,0.500000000000002,0.500000000000003));
#2470=DIRECTION('center_axis',(-0.707106781186548,0.5,-0.499999999999999));
#2471=DIRECTION('ref_axis',(-0.577350269189625,2.77555756156289E-17,0.816496580927727));
#2472=DIRECTION('',(0.,-0.707106781186547,-0.707106781186548));
#2473=DIRECTION('',(-0.577350269189624,1.28197512425571E-15,0.816496580927727));
#2474=DIRECTION('',(0.,0.707106781186547,0.707106781186548));
#2475=DIRECTION('center_axis',(1.,0.,0.));
#2476=DIRECTION('ref_axis',(0.,0.707106781186547,0.707106781186548));
#2477=DIRECTION('',(0.,0.707106781186549,-0.707106781186546));
#2478=DIRECTION('',(0.,0.92691589988237,0.375269122824215));
#2479=DIRECTION('',(0.,0.707106781186547,0.707106781186548));
#2480=DIRECTION('',(0.,0.375787346143541,0.926705924486509));
#2481=DIRECTION('',(0.,-0.707106781186548,0.707106781186547));
#2482=DIRECTION('',(0.,0.985598559653488,0.169101978725767));
#2483=DIRECTION('',(0.,0.707106781186549,-0.707106781186546));
#2484=DIRECTION('center_axis',(0.707106781186548,0.499999999999999,0.5));
#2485=DIRECTION('ref_axis',(0.577350269189626,-1.94289029309402E-16,-0.816496580927726));
#2486=DIRECTION('',(0.,-0.707106781186548,0.707106781186547));
#2487=DIRECTION('',(0.687780998536427,-0.650521385982196,-0.322147830090531));
#2488=DIRECTION('center_axis',(0.,0.707106781186547,0.707106781186548));
#2489=DIRECTION('ref_axis',(-1.,0.,0.));
#2490=DIRECTION('',(0.,0.707106781186548,-0.707106781186547));
#2491=DIRECTION('',(-1.,0.,0.));
#2492=DIRECTION('center_axis',(-0.707106781186551,0.499999999999997,0.499999999999998));
#2493=DIRECTION('ref_axis',(0.577350269189622,-2.77555756156289E-16,0.816496580927729));
#2494=DIRECTION('',(0.,0.707106781186549,-0.707106781186546));
#2495=DIRECTION('',(0.687780998536426,0.6505213859822,0.322147830090524));
#2496=DIRECTION('center_axis',(-1.,0.,0.));
#2497=DIRECTION('ref_axis',(0.,-0.707106781186547,-0.707106781186548));
#2498=DIRECTION('',(0.,0.707106781186549,-0.707106781186546));
#2499=DIRECTION('',(0.,0.985598559653485,0.169101978725786));
#2500=DIRECTION('',(0.,0.707106781186548,-0.707106781186547));
#2501=DIRECTION('',(0.,-0.198743774603951,0.980051484390577));
#2502=DIRECTION('',(0.,0.375787346143541,0.926705924486509));
#2503=DIRECTION('',(0.,-0.707106781186547,-0.707106781186548));
#2504=DIRECTION('',(0.,-0.92691589988237,-0.375269122824215));
#2505=DIRECTION('center_axis',(-0.70710678118655,-0.499999999999997,-0.499999999999999));
#2506=DIRECTION('ref_axis',(-0.707106781186545,0.500000000000001,0.500000000000003));
#2507=DIRECTION('',(-0.707106781186545,0.500000000000001,0.500000000000003));
#2508=DIRECTION('',(-0.554086888589646,-0.0475050798777972,0.831102272454389));
#2509=DIRECTION('',(0.,0.707106781186549,-0.707106781186546));
#2510=DIRECTION('',(0.707106781186545,-0.500000000000001,-0.500000000000003));
#2511=DIRECTION('center_axis',(0.701605407251683,0.562248905673852,-0.437751094326167));
#2512=DIRECTION('ref_axis',(-0.529344622654104,-3.05311331771918E-16,-0.848406901473099));
#2513=DIRECTION('',(-0.554951397831573,0.0458011781271526,-0.830620971398476));
#2514=DIRECTION('',(0.124497811347686,-0.701605407251695,-0.701605407251697));
#2515=DIRECTION('',(-0.701605407251716,0.437751094326135,-0.562248905673834));
#2516=DIRECTION('',(-0.124497811347686,0.701605407251695,0.701605407251697));
#2517=DIRECTION('center_axis',(0.,-0.707106781186556,0.707106781186539));
#2518=DIRECTION('ref_axis',(0.992219882369647,0.0880332466468311,0.0880332466468332));
#2519=DIRECTION('',(0.,1.,0.));
#2520=DIRECTION('center_axis',(0.,-0.707106781186548,0.707106781186547));
#2521=DIRECTION('ref_axis',(0.992219882369647,0.088033246646832,0.0880332466468322));
#2522=DIRECTION('center_axis',(0.,0.707106781186548,-0.707106781186547));
#2523=DIRECTION('ref_axis',(0.992219882369647,0.0880332466468321,0.0880332466468322));
#2524=DIRECTION('center_axis',(1.73244297161771E-16,0.,-1.));
#2525=DIRECTION('ref_axis',(-1.,0.,-1.73244297161771E-16));
#2526=DIRECTION('',(0.,1.,0.));
#2527=DIRECTION('',(1.,1.73244297161771E-16,1.73244297161771E-16));
#2528=DIRECTION('',(-1.,-1.73244297161771E-16,-1.73244297161771E-16));
#2529=DIRECTION('center_axis',(0.,-0.707106781186548,0.707106781186548));
#2530=DIRECTION('ref_axis',(-4.4408920985006E-15,-0.707106781186547,-0.707106781186547));
#2531=DIRECTION('',(0.676465881241919,0.645591743439632,-0.354408256560383));
#2532=DIRECTION('center_axis',(0.,-0.707106781186548,0.707106781186547));
#2533=DIRECTION('ref_axis',(-4.4408920985006E-15,-0.707106781186547,-0.707106781186548));
#2534=DIRECTION('center_axis',(0.,0.707106781186548,-0.707106781186547));
#2535=DIRECTION('ref_axis',(-4.4408920985006E-15,-0.707106781186547,-0.707106781186548));
#2536=DIRECTION('center_axis',(-0.676465881241913,0.354408256560386,-0.645591743439637));
#2537=DIRECTION('ref_axis',(-0.690405412558915,1.11022302462516E-16,0.72342267472713));
#2538=DIRECTION('',(0.676465881241939,0.645591743439625,-0.354408256560358));
#2539=DIRECTION('',(0.291183486879259,-0.676465881241927,-0.676465881241929));
#2540=DIRECTION('',(-0.291183486879259,0.676465881241927,0.676465881241929));
#2541=DIRECTION('center_axis',(0.,0.707106781186539,-0.707106781186556));
#2542=DIRECTION('ref_axis',(-0.956667223735002,0.20589781814187,0.205897818141866));
#2543=DIRECTION('',(-0.676465881241941,0.645591743439619,-0.354408256560366));
#2544=DIRECTION('center_axis',(0.,0.707106781186548,-0.707106781186547));
#2545=DIRECTION('ref_axis',(-0.956667223735002,0.205897818141868,0.205897818141868));
#2546=DIRECTION('center_axis',(0.,-0.707106781186548,0.707106781186547));
#2547=DIRECTION('ref_axis',(-0.956667223735002,0.205897818141868,0.205897818141868));
#2548=DIRECTION('center_axis',(0.676465881241931,0.354408256560369,-0.645591743439628));
#2549=DIRECTION('ref_axis',(-0.690405412558901,2.77555756156289E-17,-0.723422674727144));
#2550=DIRECTION('',(-0.676465881241937,0.64559174343961,-0.354408256560388));
#2551=DIRECTION('',(0.291183486879258,0.676465881241927,0.676465881241929));
#2552=DIRECTION('',(-0.291183486879258,-0.676465881241927,-0.676465881241929));
#2553=DIRECTION('center_axis',(0.,-0.707106781186548,0.707106781186548));
#2554=DIRECTION('ref_axis',(0.956667223735002,-0.205897818141867,-0.205897818141867));
#2555=DIRECTION('',(-6.28036983473472E-15,1.,-2.51214793389389E-14));
#2556=DIRECTION('center_axis',(0.,-0.707106781186548,0.707106781186547));
#2557=DIRECTION('ref_axis',(0.956667223735002,-0.205897818141867,-0.205897818141867));
#2558=DIRECTION('center_axis',(0.,0.707106781186548,-0.707106781186547));
#2559=DIRECTION('ref_axis',(0.956667223735003,-0.205897818141867,-0.205897818141867));
#2560=DIRECTION('center_axis',(4.72482512755573E-51,0.,-1.));
#2561=DIRECTION('ref_axis',(-1.,0.,-4.72482512755573E-51));
#2562=DIRECTION('',(0.,1.,0.));
#2563=DIRECTION('',(1.,4.72482512755572E-51,4.72482512755573E-51));
#2564=DIRECTION('',(-1.,-4.72482512755572E-51,-4.72482512755573E-51));
#2565=DIRECTION('center_axis',(0.,-0.707106781186548,0.707106781186548));
#2566=DIRECTION('ref_axis',(-8.88178419700116E-15,-0.707106781186548,-0.707106781186548));
#2567=DIRECTION('',(0.701134534193372,0.435152621635818,-0.564847378364207));
#2568=DIRECTION('center_axis',(0.,-0.707106781186548,0.707106781186547));
#2569=DIRECTION('ref_axis',(-8.88178419700116E-15,-0.707106781186547,-0.707106781186548));
#2570=DIRECTION('center_axis',(0.,0.707106781186548,-0.707106781186547));
#2571=DIRECTION('ref_axis',(-8.88178419700116E-15,-0.707106781186547,-0.707106781186548));
#2572=DIRECTION('center_axis',(-0.701134534193386,0.564847378364195,-0.435152621635812));
#2573=DIRECTION('ref_axis',(-0.5273328287092,-2.77555756156289E-17,0.849658806678042));
#2574=DIRECTION('',(-0.129694756728383,-0.70113453419339,-0.701134534193391));
#2575=DIRECTION('',(0.129694756728383,0.70113453419339,0.701134534193391));
#2576=DIRECTION('center_axis',(-0.991553967304436,0.0917080419669789,0.091708041966979));
#2577=DIRECTION('ref_axis',(-0.129694756728383,-0.70113453419339,-0.701134534193391));
#2578=DIRECTION('',(0.,0.707106781186549,-0.707106781186546));
#2579=DIRECTION('',(-0.129694756728383,-0.70113453419339,-0.701134534193391));
#2580=DIRECTION('',(0.,-0.707106781186548,0.707106781186547));
#2581=DIRECTION('',(0.0720745947632603,-0.198226890625164,0.977502610033749));
#2582=DIRECTION('',(-6.99799923424318E-17,-0.707106781186548,0.707106781186547));
#2583=DIRECTION('',(-0.0920961407808949,-0.995750119685288,-1.56341975365138E-14));
#2584=DIRECTION('center_axis',(0.,-0.707106781186548,0.707106781186547));
#2585=DIRECTION('ref_axis',(-8.88178419700117E-15,-0.707106781186547,-0.707106781186548));
#2586=DIRECTION('',(0.,0.707106781186549,-0.707106781186546));
#2587=DIRECTION('center_axis',(0.,-0.707106781186548,0.707106781186547));
#2588=DIRECTION('ref_axis',(-8.88178419700124E-15,-0.707106781186547,-0.707106781186548));
#2589=DIRECTION('center_axis',(6.68191177523049E-51,-0.707106781186547,
-0.707106781186548));
#2590=DIRECTION('ref_axis',(1.,9.94380383330939E-36,-9.94380383330937E-36));
#2591=DIRECTION('',(0.,0.707106781186549,-0.707106781186546));
#2592=DIRECTION('',(1.,-3.78332217430962E-32,3.78332217430961E-32));
#2593=DIRECTION('center_axis',(0.,-0.707106781186548,0.707106781186547));
#2594=DIRECTION('ref_axis',(0.956667223735003,-0.205897818141867,-0.205897818141867));
#2595=DIRECTION('',(0.,0.707106781186549,-0.707106781186546));
#2596=DIRECTION('center_axis',(0.,-0.707106781186548,0.707106781186547));
#2597=DIRECTION('ref_axis',(0.956667223735,-0.205897818141873,-0.205897818141873));
#2598=DIRECTION('center_axis',(0.956667223735002,-0.205897818141868,-0.205897818141868));
#2599=DIRECTION('ref_axis',(0.291183486879259,0.676465881241927,0.676465881241929));
#2600=DIRECTION('',(0.,0.707106781186549,-0.707106781186546));
#2601=DIRECTION('',(0.291183486879258,0.676465881241927,0.676465881241929));
#2602=DIRECTION('center_axis',(0.,-0.707106781186548,0.707106781186547));
#2603=DIRECTION('ref_axis',(-0.956667223735002,0.205897818141868,0.205897818141868));
#2604=DIRECTION('',(0.,0.707106781186549,-0.707106781186546));
#2605=DIRECTION('center_axis',(5.35042552973552E-32,0.707106781186548,-0.707106781186547));
#2606=DIRECTION('ref_axis',(-0.956667223735002,0.205897818141868,0.205897818141868));
#2607=DIRECTION('center_axis',(-0.956667223735002,-0.205897818141868,-0.205897818141868));
#2608=DIRECTION('ref_axis',(0.291183486879259,-0.676465881241927,-0.676465881241929));
#2609=DIRECTION('',(0.,0.707106781186549,-0.707106781186546));
#2610=DIRECTION('',(0.291183486879259,-0.676465881241927,-0.676465881241929));
#2611=DIRECTION('center_axis',(0.,-0.707106781186548,0.707106781186547));
#2612=DIRECTION('ref_axis',(-4.4408920985006E-15,-0.707106781186547,-0.707106781186548));
#2613=DIRECTION('',(0.,0.707106781186549,-0.707106781186546));
#2614=DIRECTION('center_axis',(0.,-0.707106781186548,0.707106781186547));
#2615=DIRECTION('ref_axis',(-4.44089209850062E-15,-0.707106781186547,-0.707106781186548));
#2616=DIRECTION('center_axis',(2.45004434649971E-16,-0.707106781186547,
-0.707106781186548));
#2617=DIRECTION('ref_axis',(1.,1.73244297161771E-16,1.73244297161771E-16));
#2618=DIRECTION('',(0.,0.707106781186549,-0.707106781186546));
#2619=DIRECTION('',(1.,1.73244297161771E-16,1.73244297161771E-16));
#2620=DIRECTION('center_axis',(0.,-0.707106781186548,0.707106781186547));
#2621=DIRECTION('ref_axis',(0.992219882369647,0.0880332466468321,0.0880332466468322));
#2622=DIRECTION('',(0.,0.707106781186549,-0.707106781186546));
#2623=DIRECTION('center_axis',(0.,-0.707106781186548,0.707106781186547));
#2624=DIRECTION('ref_axis',(0.992219882369647,0.0880332466468303,0.0880332466468304));
#2625=DIRECTION('center_axis',(0.992219882369647,0.0880332466468324,0.0880332466468325));
#2626=DIRECTION('ref_axis',(-0.124497811347686,0.701605407251695,0.701605407251697));
#2627=DIRECTION('',(0.,0.707106781186549,-0.707106781186546));
#2628=DIRECTION('',(-0.0977083465646218,0.988844885440133,0.112422735914487));
#2629=DIRECTION('',(-6.15120056338991E-17,0.707106781186548,-0.707106781186547));
#2630=DIRECTION('',(0.0647320751687645,0.239213654200039,-0.968806784704055));
#2631=DIRECTION('',(0.108862888231854,-0.270423251577834,-0.956566848982281));
#2632=DIRECTION('',(0.,-0.707106781186548,0.707106781186547));
#2633=DIRECTION('',(-0.124497811347686,0.701605407251695,0.701605407251697));
#2634=DIRECTION('center_axis',(0.707106781186551,-0.499999999999996,-0.499999999999998));
#2635=DIRECTION('ref_axis',(-0.707106781186544,-0.500000000000002,-0.500000000000003));
#2636=DIRECTION('',(-0.707106781186544,-0.500000000000002,-0.500000000000003));
#2637=DIRECTION('',(-0.707106781186544,-0.500000000000002,-0.500000000000003));
#2638=DIRECTION('center_axis',(0.,0.707106781186548,-0.707106781186547));
#2639=DIRECTION('ref_axis',(-1.,0.,0.));
#2640=DIRECTION('center_axis',(-0.499999999999991,0.146446609406747,-0.853553390593275));
#2641=DIRECTION('ref_axis',(-0.862856209461021,-2.77555756156289E-17,0.505449465124416));
#2642=DIRECTION('',(0.281084637714886,0.959682982260648,1.50679101317464E-14));
#2643=DIRECTION('',(-0.816496580927737,-0.408248290463853,0.408248290463852));
#2644=DIRECTION('center_axis',(0.500000000000002,0.14644660940673,-0.853553390593272));
#2645=DIRECTION('ref_axis',(-0.862856209461015,-5.55111512312579E-17,-0.505449465124426));
#2646=DIRECTION('',(-0.707106781186544,-0.500000000000002,-0.500000000000003));
#2647=DIRECTION('center_axis',(1.9714222030136E-12,0.707106781186275,0.70710678118682));
#2648=DIRECTION('ref_axis',(-0.0672059603850449,-0.705508100197732,0.705508100197376));
#2649=DIRECTION('center_axis',(0.,1.,0.));
#2650=DIRECTION('ref_axis',(0.,0.,1.));
#2651=DIRECTION('',(1.,0.,-4.65577397423452E-16));
#2652=DIRECTION('',(0.,0.,-1.));
#2653=DIRECTION('',(-1.,0.,0.));
#2654=DIRECTION('',(0.,0.,1.));
#2655=DIRECTION('center_axis',(0.,0.707106781186547,0.707106781186548));
#2656=DIRECTION('ref_axis',(1.,0.,0.));
#2657=DIRECTION('',(-0.377381334291667,0.654821856898796,-0.654821856886171));
#2658=DIRECTION('',(-1.,4.65577397423453E-16,0.));
#2659=DIRECTION('',(-0.377265051140925,-0.654855358516821,0.654855358540679));
#2660=DIRECTION('center_axis',(-1.88208310388926E-12,0.707106781186296,
0.707106781186799));
#2661=DIRECTION('ref_axis',(0.0672817802113644,-0.705504486892906,0.705504486892583));
#2662=DIRECTION('center_axis',(-1.8977582583199E-12,0.707106781186332,0.707106781186764));
#2663=DIRECTION('ref_axis',(0.0672059603849336,-0.705508100197685,0.705508100197434));
#2664=DIRECTION('center_axis',(0.,1.,0.));
#2665=DIRECTION('ref_axis',(0.,0.,1.));
#2666=DIRECTION('',(0.,0.,-1.));
#2667=DIRECTION('',(-1.,0.,0.));
#2668=DIRECTION('',(0.,0.,1.));
#2669=DIRECTION('',(1.,0.,-4.65577397423452E-16));
#2670=DIRECTION('center_axis',(0.,0.,-1.));
#2671=DIRECTION('ref_axis',(-6.12323399573677E-17,-1.,0.));
#2672=DIRECTION('center_axis',(0.,0.,-1.));
#2673=DIRECTION('ref_axis',(-1.,0.,0.));
#2674=DIRECTION('center_axis',(0.,0.,-1.));
#2675=DIRECTION('ref_axis',(-1.,0.,0.));
#2676=DIRECTION('center_axis',(1.88281231082592E-12,0.707106781186296,0.707106781186799));
#2677=DIRECTION('ref_axis',(-0.0672817802111744,-0.705504486892915,0.705504486892592));
#2678=DIRECTION('center_axis',(0.,0.707106781186547,0.707106781186548));
#2679=DIRECTION('ref_axis',(1.,0.,0.));
#2680=DIRECTION('',(-0.377265051140181,0.654855358516571,-0.654855358541357));
#2681=DIRECTION('',(-1.,4.65577397423453E-16,0.));
#2682=DIRECTION('',(0.213696878805432,0.690772626842153,-0.690772626842152));
#2683=DIRECTION('',(-1.,0.,0.));
#2684=DIRECTION('',(2.21744341261928E-8,-0.707106781186548,0.707106781186547));
#2685=DIRECTION('',(1.,0.,-4.65577397423452E-16));
#2686=DIRECTION('center_axis',(0.,0.,1.));
#2687=DIRECTION('ref_axis',(-1.,0.,0.));
#2688=DIRECTION('center_axis',(0.,0.,-1.));
#2689=DIRECTION('ref_axis',(-1.,0.,0.));
#2690=DIRECTION('center_axis',(0.,0.,1.));
#2691=DIRECTION('ref_axis',(-1.,0.,0.));
#2692=DIRECTION('center_axis',(0.,0.,-1.));
#2693=DIRECTION('ref_axis',(-6.12323399573677E-17,-1.,0.));
#2694=DIRECTION('',(0.,0.,1.));
#2695=DIRECTION('center_axis',(0.,0.,-1.));
#2696=DIRECTION('ref_axis',(-1.,0.,0.));
#2697=DIRECTION('center_axis',(0.,0.,1.));
#2698=DIRECTION('ref_axis',(-1.,0.,0.));
#2699=DIRECTION('',(-0.377381334310262,-0.654821856873654,0.654821856900597));
#2700=DIRECTION('center_axis',(0.,0.,1.));
#2701=DIRECTION('ref_axis',(-1.,0.,0.));
#2702=DIRECTION('center_axis',(0.,0.,1.));
#2703=DIRECTION('ref_axis',(-1.,0.,0.));
#2704=DIRECTION('',(1.,0.,0.));
#2705=DIRECTION('center_axis',(0.,0.,1.));
#2706=DIRECTION('ref_axis',(-1.,0.,0.));
#2707=DIRECTION('',(1.,0.,0.));
#2708=DIRECTION('center_axis',(0.,0.707106781186547,0.707106781186548));
#2709=DIRECTION('ref_axis',(1.,0.,0.));
#2710=DIRECTION('',(-9.65411325761005E-17,0.707106781186548,-0.707106781186547));
#2711=DIRECTION('',(-1.,0.,0.));
#2712=DIRECTION('',(0.213696878805432,-0.690772626842153,0.690772626842152));
#2713=DIRECTION('',(-1.,4.65577397423453E-16,0.));
#2714=DIRECTION('center_axis',(0.,0.707106781186547,0.707106781186549));
#2715=DIRECTION('ref_axis',(1.,0.,0.));
#2716=DIRECTION('',(-1.,0.,0.));
#2717=DIRECTION('',(0.,0.707106781186548,-0.707106781186547));
#2718=DIRECTION('',(-1.,0.,0.));
#2719=DIRECTION('',(0.,0.707106781186548,-0.707106781186547));
#2720=DIRECTION('center_axis',(0.,1.,0.));
#2721=DIRECTION('ref_axis',(0.,0.,1.));
#2722=DIRECTION('',(0.,0.,-1.));
#2723=DIRECTION('center_axis',(0.500000000000001,-0.500000000000003,-0.707106781186545));
#2724=DIRECTION('ref_axis',(-0.816496580927725,1.66533453693774E-16,-0.577350269189628));
#2725=DIRECTION('',(-0.707106781186549,-0.707106781186546,0.));
#2726=DIRECTION('',(-0.281084637714808,0.67859834454585,-0.67859834454585));
#2727=DIRECTION('',(0.707106781186549,0.707106781186546,0.));
#2728=DIRECTION('',(0.678598344545851,-0.28108463771481,0.678598344545848));
#2729=DIRECTION('center_axis',(0.,-0.707106781186549,-0.707106781186546));
#2730=DIRECTION('ref_axis',(-1.,0.,0.));
#2731=DIRECTION('',(-1.,0.,0.));
#2732=DIRECTION('',(0.281084637714812,0.678598344545849,-0.678598344545849));
#2733=DIRECTION('',(1.,0.,0.));
#2734=DIRECTION('center_axis',(-0.500000000000001,-0.500000000000003,-0.707106781186545));
#2735=DIRECTION('ref_axis',(-0.816496580927725,-1.66533453693774E-16,0.577350269189628));
#2736=DIRECTION('',(-0.707106781186549,0.707106781186546,0.));
#2737=DIRECTION('',(0.678598344545851,0.28108463771481,-0.678598344545848));
#2738=DIRECTION('',(0.707106781186549,-0.707106781186546,0.));
#2739=DIRECTION('center_axis',(-0.707106781186548,0.,-0.707106781186548));
#2740=DIRECTION('ref_axis',(-0.707106781186548,0.,0.707106781186548));
#2741=DIRECTION('',(0.,1.,0.));
#2742=DIRECTION('',(-0.577350269189626,-0.577350269189626,0.577350269189626));
#2743=DIRECTION('',(0.,-1.,0.));
#2744=DIRECTION('center_axis',(0.707106781186548,0.,-0.707106781186548));
#2745=DIRECTION('ref_axis',(-0.707106781186548,0.,-0.707106781186548));
#2746=DIRECTION('',(0.,1.,0.));
#2747=DIRECTION('',(-0.577350269189626,0.577350269189626,-0.577350269189626));
#2748=DIRECTION('',(0.,-1.,0.));
#2749=DIRECTION('center_axis',(-1.,0.,0.));
#2750=DIRECTION('ref_axis',(0.,1.,0.));
#2751=DIRECTION('',(0.,0.,-1.));
#2752=DIRECTION('',(0.,-1.,0.));
#2753=DIRECTION('',(0.,0.,1.));
#2754=DIRECTION('',(0.,0.707106781186547,0.707106781186548));
#2755=DIRECTION('',(0.,-0.707106781186548,0.707106781186547));
#2756=DIRECTION('center_axis',(-0.707106781186546,-0.707106781186549,0.));
#2757=DIRECTION('ref_axis',(0.,0.,1.));
#2758=DIRECTION('',(0.,0.,1.));
#2759=DIRECTION('',(-0.707106781186549,0.707106781186546,-7.85046229341889E-16));
#2760=DIRECTION('center_axis',(0.,-1.,0.));
#2761=DIRECTION('ref_axis',(0.,0.,-1.));
#2762=DIRECTION('',(0.,0.,-1.));
#2763=DIRECTION('',(1.,0.,0.));
#2764=DIRECTION('center_axis',(0.707106781186546,-0.707106781186549,0.));
#2765=DIRECTION('ref_axis',(0.,0.,-1.));
#2766=DIRECTION('',(0.,0.,1.));
#2767=DIRECTION('',(-0.707106781186549,-0.707106781186546,7.85046229341889E-16));
#2768=DIRECTION('center_axis',(1.,0.,0.));
#2769=DIRECTION('ref_axis',(0.,-1.,0.));
#2770=DIRECTION('',(0.,0.707106781186548,-0.707106781186547));
#2771=DIRECTION('',(0.,-0.707106781186547,-0.707106781186548));
#2772=DIRECTION('',(0.,0.,-1.));
#2773=DIRECTION('',(0.,1.,0.));
#2774=DIRECTION('center_axis',(-0.577350269189624,-0.577350269189625,0.577350269189629));
#2775=DIRECTION('ref_axis',(0.707106781186551,-3.05311331771918E-16,0.707106781186544));
#2776=DIRECTION('',(0.,-0.707106781186549,-0.707106781186546));
#2777=DIRECTION('',(0.707106781186547,6.28036983473509E-15,0.707106781186547));
#2778=DIRECTION('center_axis',(-0.707106781186548,0.,0.707106781186548));
#2779=DIRECTION('ref_axis',(0.707106781186548,0.,0.707106781186548));
#2780=DIRECTION('',(0.707106781186547,0.,0.707106781186547));
#2781=DIRECTION('',(0.,1.,0.));
#2782=DIRECTION('center_axis',(0.577350269189624,-0.577350269189625,0.577350269189629));
#2783=DIRECTION('ref_axis',(0.707106781186551,3.05311331771918E-16,-0.707106781186544));
#2784=DIRECTION('',(0.707106781186547,-6.28036983473509E-15,-0.707106781186547));
#2785=DIRECTION('',(0.,0.707106781186549,0.707106781186546));
#2786=DIRECTION('center_axis',(0.707106781186548,0.,0.707106781186548));
#2787=DIRECTION('ref_axis',(0.707106781186548,0.,-0.707106781186548));
#2788=DIRECTION('',(0.707106781186547,0.,-0.707106781186547));
#2789=DIRECTION('',(0.,-1.,0.));
#2790=DIRECTION('center_axis',(0.,-0.707106781186546,0.707106781186549));
#2791=DIRECTION('ref_axis',(1.,0.,0.));
#2792=DIRECTION('',(-1.,0.,0.));
#2793=DIRECTION('center_axis',(0.,0.,-1.));
#2794=DIRECTION('ref_axis',(1.,0.,0.));
#2795=DIRECTION('',(-0.152861749152098,0.988247583172436,0.));
#2796=DIRECTION('',(-1.,0.,0.));
#2797=DIRECTION('',(6.82648895079902E-17,-1.,0.));
#2798=DIRECTION('',(-1.,0.,0.));
#2799=DIRECTION('',(-1.,0.,0.));
#2800=DIRECTION('',(-1.56796927396053E-8,1.,0.));
#2801=DIRECTION('',(-1.,0.,0.));
#2802=DIRECTION('',(-0.152861749152098,-0.988247583172436,0.));
#2803=DIRECTION('center_axis',(0.,0.,-1.));
#2804=DIRECTION('ref_axis',(-1.,0.,0.));
#2805=DIRECTION('',(-1.,0.,0.));
#2806=DIRECTION('center_axis',(-3.78332217430961E-32,0.,1.));
#2807=DIRECTION('ref_axis',(1.,0.,3.78332217430961E-32));
#2808=DIRECTION('',(-0.57735026918963,0.816496580927723,-2.18430207576875E-32));
#2809=DIRECTION('',(1.,-3.78332217430961E-32,3.78332217430961E-32));
#2810=DIRECTION('',(0.281084637714818,0.959682982260668,3.01358202634926E-15));
#2811=DIRECTION('',(-1.,3.78332217430961E-32,-3.78332217430961E-32));
#2812=DIRECTION('',(0.152861749152098,0.988247583172436,5.78325245170885E-33));
#2813=DIRECTION('',(1.,-3.78332217430962E-32,3.78332217430961E-32));
#2814=DIRECTION('',(0.152861749152098,-0.988247583172436,5.78325245170885E-33));
#2815=DIRECTION('',(-1.,3.78332217430961E-32,-3.78332217430961E-32));
#2816=DIRECTION('',(-0.57735026918962,-0.81649658092773,-2.18430207576871E-32));
#2817=DIRECTION('center_axis',(-0.701134534193391,-0.435152621635809,0.564847378364191));
#2818=DIRECTION('ref_axis',(0.627359551332338,2.77555756156289E-17,0.778729730620379));
#2819=DIRECTION('',(0.701134534193384,-0.564847378364201,0.435152621635807));
#2820=DIRECTION('',(0.129694756728383,0.70113453419339,0.701134534193391));
#2821=DIRECTION('',(-0.7063582745057,0.531997453895523,-0.466943997804887));
#2822=DIRECTION('center_axis',(-0.707106781186544,-0.500000000000003,0.500000000000002));
#2823=DIRECTION('ref_axis',(0.577350269189629,1.94289029309402E-16,0.816496580927724));
#2824=DIRECTION('',(-0.577350269189624,-9.87120845676897E-15,-0.816496580927727));
#2825=DIRECTION('',(0.,-0.707106781186547,-0.707106781186548));
#2826=DIRECTION('',(0.,0.707106781186547,0.707106781186548));
#2827=DIRECTION('center_axis',(-3.78332217430965E-32,-1.,9.42055475210279E-15));
#2828=DIRECTION('ref_axis',(0.,-9.42055475210279E-15,-1.));
#2829=DIRECTION('',(0.,9.42055475210279E-15,1.));
#2830=DIRECTION('',(-1.,3.78332217430962E-32,-3.78332217430961E-32));
#2831=DIRECTION('',(0.,-9.42055475210279E-15,-1.));
#2832=DIRECTION('center_axis',(0.,0.707106781186548,-0.707106781186547));
#2833=DIRECTION('ref_axis',(-8.88178419700124E-15,-0.707106781186547,-0.707106781186548));
#2834=DIRECTION('center_axis',(0.676465881241927,-0.64559174343963,0.354408256560371));
#2835=DIRECTION('ref_axis',(0.464077876938607,-2.22044604925031E-16,-0.8857944028589));
#2836=DIRECTION('',(-0.676465881241931,-0.354408256560371,0.645591743439626));
#2837=DIRECTION('',(-0.291183486879258,-0.676465881241927,-0.676465881241929));
#2838=DIRECTION('',(0.676465881241926,0.354408256560365,-0.645591743439635));
#2839=DIRECTION('center_axis',(0.,-0.707106781186548,0.707106781186548));
#2840=DIRECTION('ref_axis',(-0.956667223735002,0.205897818141868,0.205897818141868));
#2841=DIRECTION('',(0.676465881241928,-0.354408256560369,0.64559174343963));
#2842=DIRECTION('center_axis',(-5.35042552973552E-32,-0.707106781186548,
0.707106781186547));
#2843=DIRECTION('ref_axis',(-0.956667223735002,0.205897818141868,0.205897818141868));
#2844=DIRECTION('center_axis',(-0.676465881241928,-0.64559174343963,0.35440825656037));
#2845=DIRECTION('ref_axis',(0.464077876938606,-1.94289029309402E-16,0.885794402858901));
#2846=DIRECTION('',(0.676465881241929,-0.354408256560369,0.645591743439629));
#2847=DIRECTION('',(-0.291183486879259,0.676465881241927,0.676465881241929));
#2848=DIRECTION('center_axis',(0.,0.707106781186548,-0.707106781186547));
#2849=DIRECTION('ref_axis',(0.956667223735,-0.205897818141873,-0.205897818141873));
#2850=DIRECTION('center_axis',(1.7324429716177E-16,-1.,3.14018491736756E-15));
#2851=DIRECTION('ref_axis',(0.,-3.14018491736756E-15,-1.));
#2852=DIRECTION('',(0.,3.14018491736756E-15,1.));
#2853=DIRECTION('',(-1.,-1.73244297161771E-16,-1.73244297161771E-16));
#2854=DIRECTION('',(0.,-6.28036983473511E-15,-1.));
#2855=DIRECTION('center_axis',(0.,0.707106781186548,-0.707106781186547));
#2856=DIRECTION('ref_axis',(-4.44089209850062E-15,-0.707106781186547,-0.707106781186548));
#2857=DIRECTION('center_axis',(0.5,-0.146446609406723,0.853553390593274));
#2858=DIRECTION('ref_axis',(0.862856209461017,-4.16333634234433E-17,-0.505449465124423));
#2859=DIRECTION('',(0.70710678118655,-0.499999999999998,-0.499999999999999));
#2860=DIRECTION('',(0.678598344545847,0.678598344545847,-0.281084637714822));
#2861=DIRECTION('',(-0.70710678118655,0.499999999999998,0.499999999999999));
#2862=DIRECTION('center_axis',(0.707106781186548,-0.5,0.499999999999999));
#2863=DIRECTION('ref_axis',(0.577350269189625,-2.77555756156289E-17,-0.816496580927727));
#2864=DIRECTION('',(0.,-0.707106781186547,-0.707106781186548));
#2865=DIRECTION('',(0.706417433278785,0.530728097777466,-0.468297017062169));
#2866=DIRECTION('',(0.,0.707106781186547,0.707106781186548));
#2867=DIRECTION('center_axis',(0.701605407251693,-0.43775109432616,0.562248905673845));
#2868=DIRECTION('ref_axis',(0.625348994671467,0.,-0.780345202370967));
#2869=DIRECTION('',(0.124497811347686,-0.701605407251695,-0.701605407251697));
#2870=DIRECTION('',(0.701605407251703,0.562248905673839,-0.437751094326151));
#2871=DIRECTION('center_axis',(0.,0.707106781186548,-0.707106781186547));
#2872=DIRECTION('ref_axis',(0.992219882369647,0.0880332466468303,0.0880332466468304));
#2873=DIRECTION('center_axis',(0.,0.707106781186548,0.707106781186548));
#2874=DIRECTION('ref_axis',(1.,0.,0.));
#2875=DIRECTION('',(0.213696878805432,-0.690772626842153,0.690772626842153));
#2876=DIRECTION('',(1.,0.,0.));
#2877=DIRECTION('',(0.,0.707106781186547,-0.707106781186547));
#2878=DIRECTION('center_axis',(0.,0.707106781186548,0.707106781186548));
#2879=DIRECTION('ref_axis',(1.,0.,0.));
#2880=DIRECTION('',(0.,-0.707106781186547,0.707106781186547));
#2881=DIRECTION('',(1.,0.,0.));
#2882=DIRECTION('',(0.213696878805432,0.690772626842153,-0.690772626842153));
#2883=DIRECTION('center_axis',(0.707106781186545,0.500000000000002,0.500000000000002));
#2884=DIRECTION('ref_axis',(0.577350269189628,0.,-0.816496580927724));
#2885=DIRECTION('',(0.,0.707106781186547,-0.707106781186547));
#2886=DIRECTION('',(0.483576410849857,0.173960853331991,-0.857841171999558));
#2887=DIRECTION('',(0.577350269189625,6.08938184021462E-15,-0.816496580927726));
#2888=DIRECTION('',(0.70710678118655,-0.499999999999998,-0.499999999999999));
#2889=DIRECTION('center_axis',(1.,0.,0.));
#2890=DIRECTION('ref_axis',(0.,0.707106781186548,-0.707106781186547));
#2891=DIRECTION('',(0.,-0.375787346143541,-0.926705924486509));
#2892=DIRECTION('center_axis',(5.35042552973552E-32,0.707106781186548,-0.707106781186547));
#2893=DIRECTION('ref_axis',(-1.,3.78332217430962E-32,-3.78332217430961E-32));
#2894=DIRECTION('center_axis',(-0.707106781186553,0.499999999999996,0.499999999999996));
#2895=DIRECTION('ref_axis',(0.57735026918962,1.66533453693774E-16,0.81649658092773));
#2896=DIRECTION('',(0.707106781186542,0.500000000000003,0.500000000000005));
#2897=DIRECTION('',(0.677455535179579,0.276415541240377,0.681651264515323));
#2898=DIRECTION('',(0.,-0.707106781186548,0.707106781186548));
#2899=DIRECTION('center_axis',(-1.,0.,0.));
#2900=DIRECTION('ref_axis',(0.,-0.707106781186548,0.707106781186547));
#2901=DIRECTION('',(0.,0.375787346143541,0.926705924486509));
#2902=DIRECTION('',(0.,-0.198743774603951,0.980051484390577));
#2903=DIRECTION('center_axis',(0.,-0.980051484390577,-0.198743774603951));
#2904=DIRECTION('ref_axis',(0.,0.198743774603951,-0.980051484390577));
#2905=DIRECTION('',(-1.,0.,0.));
#2906=DIRECTION('',(1.,0.,0.));
#2907=DIRECTION('center_axis',(0.,0.926705924486509,-0.375787346143541));
#2908=DIRECTION('ref_axis',(0.,-0.375787346143541,-0.926705924486509));
#2909=DIRECTION('',(1.,0.,0.));
#2910=DIRECTION('',(-0.362987982044125,-0.350156327154152,-0.863498854339396));
#2911=DIRECTION('center_axis',(0.,-0.707106781186547,-0.707106781186548));
#2912=DIRECTION('ref_axis',(1.,0.,0.));
#2913=DIRECTION('',(-1.,0.,0.));
#2914=DIRECTION('center_axis',(-0.707106781186547,-0.500000000000001,0.5));
#2915=DIRECTION('ref_axis',(0.577350269189626,1.11022302462516E-16,0.816496580927726));
#2916=DIRECTION('',(0.,0.707106781186547,0.707106781186548));
#2917=DIRECTION('',(-0.699927082312364,0.39441408493137,-0.595432287546998));
#2918=DIRECTION('center_axis',(0.,-0.707106781186548,0.707106781186547));
#2919=DIRECTION('ref_axis',(1.,0.,0.));
#2920=DIRECTION('',(-1.13647559100699E-16,-0.707106781186547,-0.707106781186548));
#2921=DIRECTION('',(-1.,0.,0.));
#2922=DIRECTION('center_axis',(-0.976900017396262,-0.151106512121721,0.151106512121721));
#2923=DIRECTION('ref_axis',(0.213696878805432,-0.690772626842153,0.690772626842152));
#2924=DIRECTION('',(-0.213696878805432,0.690772626842153,-0.690772626842152));
#2925=DIRECTION('',(0.,0.707106781186547,0.707106781186548));
#2926=DIRECTION('center_axis',(0.707106781186551,-0.499999999999997,-0.499999999999998));
#2927=DIRECTION('ref_axis',(-0.577350269189622,2.77555756156289E-16,-0.816496580927729));
#2928=DIRECTION('',(-0.687825166267592,-0.322364191026883,-0.650367487650285));
#2929=DIRECTION('center_axis',(0.543360232579903,-0.822752875384771,-0.166845328663422));
#2930=DIRECTION('ref_axis',(-0.293535448917575,2.22044604925031E-16,-0.955948189092253));
#2931=DIRECTION('',(0.687825166267593,0.550254036523027,-0.47341000827937));
#2932=DIRECTION('center_axis',(0.,1.57009245868382E-14,-1.));
#2933=DIRECTION('ref_axis',(-1.,0.,0.));
#2934=DIRECTION('center_axis',(0.,0.707106781186548,-0.707106781186547));
#2935=DIRECTION('ref_axis',(-1.,0.,0.));
#2936=DIRECTION('',(1.,0.,0.));
#2937=DIRECTION('',(0.,0.707106781186546,0.707106781186549));
#2938=DIRECTION('',(-1.,1.65272890387766E-16,-1.65272890387766E-16));
#2939=DIRECTION('center_axis',(0.,0.707106781186548,-0.707106781186547));
#2940=DIRECTION('ref_axis',(-1.,0.,0.));
#2941=DIRECTION('',(-1.,1.65272890387766E-16,-1.65272890387766E-16));
#2942=DIRECTION('',(-2.61682076447296E-16,-0.707106781186547,-0.707106781186548));
#2943=DIRECTION('',(1.,0.,0.));
#2944=DIRECTION('center_axis',(0.,1.,0.));
#2945=DIRECTION('ref_axis',(-1.,0.,0.));
#2946=DIRECTION('',(0.,0.,1.));
#2947=DIRECTION('center_axis',(0.,1.,0.));
#2948=DIRECTION('ref_axis',(-1.,0.,0.));
#2949=DIRECTION('',(0.,0.,-1.));
#2950=DIRECTION('center_axis',(-0.543366643039452,0.167074516180133,0.82270213156112));
#2951=DIRECTION('ref_axis',(0.834430662601586,4.16333634234434E-17,0.551112936983227));
#2952=DIRECTION('',(-0.687780998536435,0.473328365234571,-0.550379466110967));
#2953=DIRECTION('',(1.06535999092886E-14,-0.979995882622823,0.199017763132624));
#2954=DIRECTION('center_axis',(-0.707106781186542,-0.265355341518932,0.655428518396461));
#2955=DIRECTION('ref_axis',(0.679798841431764,-2.77555756156289E-17,0.73339861957058));
#2956=DIRECTION('',(0.,0.92691589988237,0.375269122824215));
#2957=DIRECTION('center_axis',(0.543366643039457,0.167074516180138,0.822702131561116));
#2958=DIRECTION('ref_axis',(0.834430662601583,-1.38777878078145E-16,-0.551112936983232));
#2959=DIRECTION('',(0.,0.979995882622823,-0.199017763132624));
#2960=DIRECTION('',(-0.687780998536432,-0.473328365234568,0.550379466110974));
#2961=DIRECTION('center_axis',(0.,0.199017763132624,0.979995882622823));
#2962=DIRECTION('ref_axis',(1.,0.,0.));
#2963=DIRECTION('',(1.,0.,0.));
#2964=DIRECTION('center_axis',(0.70710678118655,-0.499999999999999,0.499999999999997));
#2965=DIRECTION('ref_axis',(0.577350269189622,8.32667268468868E-17,-0.816496580927729));
#2966=DIRECTION('',(0.699947338426395,0.595305449723619,-0.394569569225967));
#2967=DIRECTION('',(-0.699927082312357,-0.394414084931394,0.595432287546991));
#2968=DIRECTION('',(0.,-0.707106781186547,-0.707106781186548));
#2969=DIRECTION('center_axis',(0.707106781186552,-0.655280043370155,0.265721780742192));
#2970=DIRECTION('ref_axis',(0.351769516191542,8.32667268468868E-17,-0.936086645283634));
#2971=DIRECTION('center_axis',(0.707106781186543,-0.265355341518932,0.655428518396459));
#2972=DIRECTION('ref_axis',(0.679798841431762,5.55111512312579E-17,-0.733398619570581));
#2973=DIRECTION('',(0.,-0.92691589988237,-0.375269122824215));
#2974=DIRECTION('center_axis',(0.,-0.707106781186548,0.707106781186547));
#2975=DIRECTION('ref_axis',(1.,0.,0.));
#2976=DIRECTION('',(-1.,0.,0.));
#2977=DIRECTION('',(-1.27853503988286E-16,0.707106781186547,0.707106781186548));
#2978=DIRECTION('center_axis',(0.,0.375269122824215,-0.92691589988237));
#2979=DIRECTION('ref_axis',(0.,-0.92691589988237,-0.375269122824215));
#2980=DIRECTION('',(-1.,0.,0.));
#2981=DIRECTION('center_axis',(0.,-0.707106781186548,0.707106781186547));
#2982=DIRECTION('ref_axis',(1.,0.,0.));
#2983=DIRECTION('',(4.93038065763132E-32,0.707106781186547,0.707106781186548));
#2984=DIRECTION('',(-1.48892510259545E-23,-0.707106781186547,-0.707106781186548));
#2985=DIRECTION('center_axis',(-1.,-1.56796927396053E-8,1.56796927396053E-8));
#2986=DIRECTION('ref_axis',(2.21744341261928E-8,-0.707106781186548,0.707106781186547));
#2987=DIRECTION('center_axis',(1.,6.82648895079902E-17,-6.82648895079901E-17));
#2988=DIRECTION('ref_axis',(-9.65411325761005E-17,0.707106781186548,-0.707106781186547));
#2989=DIRECTION('center_axis',(0.976900017396262,-0.151106512121721,0.151106512121721));
#2990=DIRECTION('ref_axis',(0.213696878805432,0.690772626842153,-0.690772626842152));
#2991=DIRECTION('',(0.,0.707106781186547,0.707106781186548));
#2992=DIRECTION('',(0.213696878805432,0.690772626842153,-0.690772626842152));
#2993=DIRECTION('center_axis',(0.,-0.707106781186548,0.707106781186547));
#2994=DIRECTION('ref_axis',(1.,0.,0.));
#2995=DIRECTION('',(0.,0.707106781186547,0.707106781186548));
#2996=DIRECTION('',(1.,0.,0.));
#2997=DIRECTION('center_axis',(-1.,-1.56796927396053E-8,1.56796927396053E-8));
#2998=DIRECTION('ref_axis',(2.21744341261928E-8,-0.707106781186548,0.707106781186547));
#2999=DIRECTION('',(-2.21744341261928E-8,0.707106781186548,-0.707106781186547));
#3000=DIRECTION('center_axis',(1.,6.82648895079902E-17,-6.82648895079901E-17));
#3001=DIRECTION('ref_axis',(-9.65411325761005E-17,0.707106781186548,-0.707106781186547));
#3002=DIRECTION('',(0.,0.707106781186547,0.707106781186548));
#3003=DIRECTION('',(-9.65411325761005E-17,0.707106781186548,-0.707106781186547));
#3004=DIRECTION('center_axis',(0.,-0.707106781186548,0.707106781186547));
#3005=DIRECTION('ref_axis',(1.,0.,0.));
#3006=DIRECTION('',(-1.,0.,0.));
#3007=DIRECTION('center_axis',(0.,-0.707106781186547,-0.707106781186548));
#3008=DIRECTION('ref_axis',(-1.,0.,0.));
#3009=DIRECTION('',(0.,0.,1.));
#3010=DIRECTION('',(1.,0.,0.));
#3011=CARTESIAN_POINT('',(0.,0.,0.));
#3012=CARTESIAN_POINT('',(0.,0.,0.));
#3013=CARTESIAN_POINT('Origin',(29.7499995827675,109.499471409992,-36.1728333577084));
#3014=CARTESIAN_POINT('',(29.9999995827675,127.035215425821,-18.2835359512868));
#3015=CARTESIAN_POINT('',(29.9999995827675,105.032734706694,-40.2860166704137));
#3016=CARTESIAN_POINT('',(29.9999995827675,109.322694714696,-35.9960566624118));
#3017=CARTESIAN_POINT('',(29.4999995827675,105.032734706694,-40.9931234516002));
#3018=CARTESIAN_POINT('',(31.8444861869932,105.032734706694,-37.6775186991021));
#3019=CARTESIAN_POINT('',(29.4999995827675,127.242322207007,-18.7835359512868));
#3020=CARTESIAN_POINT('',(29.4999995827675,109.676248105289,-36.349610053005));
#3021=CARTESIAN_POINT('',(29.4999995827675,127.242322207007,-18.7835359512868));
#3022=CARTESIAN_POINT('Origin',(26.7481040526601,129.261429502166,-16.4108752655343));
#3023=CARTESIAN_POINT('',(29.2928928015809,127.388768816414,-18.63708934188));
#3024=CARTESIAN_POINT('',(26.5713273573635,129.313206197463,-16.7126519608309));
#3025=CARTESIAN_POINT('',(29.4999995827675,127.388768816414,-17.9299825606935));
#3026=CARTESIAN_POINT('',(29.2928928015809,127.388768816414,-18.63708934188));
#3027=CARTESIAN_POINT('',(26.9248807479567,129.20965280687,-16.1090985702376));
#3028=CARTESIAN_POINT('Origin',(14.9999995753169,127.388768816414,-18.2835359512868));
#3029=CARTESIAN_POINT('',(-29.2928936658483,127.388768816414,-18.63708934188));
#3030=CARTESIAN_POINT('',(14.9999995753169,127.388768816414,-18.63708934188));
#3031=CARTESIAN_POINT('',(-29.5000004470348,127.388768816414,-17.9299825606935));
#3032=CARTESIAN_POINT('',(-29.2928936658483,127.388768816414,-18.63708934188));
#3033=CARTESIAN_POINT('',(14.9999995753169,127.388768816414,-17.9299825606935));
#3034=CARTESIAN_POINT('Origin',(-26.7481049169275,129.261429502166,-16.4108752655343));
#3035=CARTESIAN_POINT('',(-29.5000004470348,127.242322207007,-18.7835359512868));
#3036=CARTESIAN_POINT('',(-26.5713282216309,129.313206197463,-16.7126519608309));
#3037=CARTESIAN_POINT('',(-30.0000004470348,127.035215425821,-18.2835359512868));
#3038=CARTESIAN_POINT('',(-29.5000004470348,127.242322207007,-18.7835359512868));
#3039=CARTESIAN_POINT('',(-26.9248816122242,129.20965280687,-16.1090985702376));
#3040=CARTESIAN_POINT('Origin',(-29.7500004470348,120.954265160149,-24.7180396075517));
#3041=CARTESIAN_POINT('',(-29.5000004470348,105.032734706694,-40.9931234516002));
#3042=CARTESIAN_POINT('',(-29.5000004470348,121.131041855446,-24.8948163028483));
#3043=CARTESIAN_POINT('',(-30.0000004470348,105.032734706694,-40.2860166704136));
#3044=CARTESIAN_POINT('',(-34.3501269263787,105.032734706694,-34.1340088052872));
#3045=CARTESIAN_POINT('',(-30.0000004470348,120.777488464852,-24.541262912255));
#3046=CARTESIAN_POINT('Origin',(29.9999995827675,100.590094019574,-36.9504827644809));
#3047=CARTESIAN_POINT('',(29.9999995827675,120.551894614706,-11.8002151401725));
#3048=CARTESIAN_POINT('',(29.9999995827675,123.146128129295,-14.3944486547607));
#3049=CARTESIAN_POINT('',(29.9999995827675,111.447961809425,-15.4860132568325));
#3050=CARTESIAN_POINT('',(29.9999995827675,107.755899658485,-16.9807733801312));
#3051=CARTESIAN_POINT('',(29.9999995827675,102.045516737565,-24.888458328692));
#3052=CARTESIAN_POINT('',(29.9999995827675,101.014190035754,-25.9197850305035));
#3053=CARTESIAN_POINT('',(29.9999995827675,98.3495561361844,-34.0028380999043));
#3054=CARTESIAN_POINT('',(29.9999995827675,99.8615375619311,-30.2742342516582));
#3055=CARTESIAN_POINT('',(29.9999995827675,100.80222605393,-36.4555080176503));
#3056=CARTESIAN_POINT('',(29.9999995827675,100.943647410168,-36.5969293738876));
#3057=CARTESIAN_POINT('',(29.9999995827675,101.143647410168,-36.3969293738876));
#3058=CARTESIAN_POINT('',(29.9999995827675,98.9745552841658,-36.7690867466362));
#3059=CARTESIAN_POINT('',(29.9999995827675,101.143647410168,-36.3969293738876));
#3060=CARTESIAN_POINT('Origin',(29.7499995827675,123.322904824591,-14.2176719594641));
#3061=CARTESIAN_POINT('',(29.4999995827675,121.024807785735,-11.5660215300146));
#3062=CARTESIAN_POINT('',(29.4999995827675,123.499681519888,-14.0408952641675));
#3063=CARTESIAN_POINT('',(29.4999995827675,121.024807785735,-11.5660215300146));
#3064=CARTESIAN_POINT('Origin',(29.9999995827675,123.499681519888,-14.0408952641675));
#3065=CARTESIAN_POINT('',(-29.5000004470348,121.024807785735,-11.5660215300146));
#3066=CARTESIAN_POINT('',(-29.5000004470348,123.499681519888,-14.0408952641675));
#3067=CARTESIAN_POINT('',(29.9999995827675,121.024807785735,-11.5660215300146));
#3068=CARTESIAN_POINT('Origin',(-29.7500004470348,123.322904824591,-14.2176719594641));
#3069=CARTESIAN_POINT('',(-30.0000004470348,120.551894614706,-11.8002151401725));
#3070=CARTESIAN_POINT('',(-30.0000004470348,123.146128129295,-14.3944486547607));
#3071=CARTESIAN_POINT('',(-30.0000004470348,120.551894614706,-11.8002151401725));
#3072=CARTESIAN_POINT('Origin',(-30.0000004470348,123.499681519888,-14.0408952641675));
#3073=CARTESIAN_POINT('',(-30.0000004470348,101.143647410168,-36.3969293738876));
#3074=CARTESIAN_POINT('',(-30.0000004470348,101.143647410168,-36.3969293738876));
#3075=CARTESIAN_POINT('',(-30.0000004470348,100.198672663337,-36.5590614082436));
#3076=CARTESIAN_POINT('',(-30.0000004470348,112.01092600949,-34.5323991384175));
#3077=CARTESIAN_POINT('',(-30.0000004470348,98.1152202854215,-34.475609030328));
#3078=CARTESIAN_POINT('',(-30.0000004470348,100.590094019574,-36.9504827644809));
#3079=CARTESIAN_POINT('',(-30.0000004470348,97.9495605679,-33.6587026774915));
#3080=CARTESIAN_POINT('',(-30.0000004470348,96.5850089913832,-26.9297834911783));
#3081=CARTESIAN_POINT('',(-30.0000004470348,101.137941608217,-25.7960334580403));
#3082=CARTESIAN_POINT('',(-30.0000004470348,105.004853556218,-16.2600811476304));
#3083=CARTESIAN_POINT('',(-30.0000004470348,111.447961809425,-15.4860132568325));
#3084=CARTESIAN_POINT('',(-30.0000004470348,112.46898378591,-14.4649912803467));
#3085=CARTESIAN_POINT('',(-30.0000004470348,121.582019016085,-11.3831612515143));
#3086=CARTESIAN_POINT('Origin',(-29.4171577345602,100.731515375812,-36.8090614082436));
#3087=CARTESIAN_POINT('',(-28.9712263463829,104.658834954407,-41.367023203887));
#3088=CARTESIAN_POINT('',(-25.5334602559868,102.227967239755,-43.7978909185392));
#3089=CARTESIAN_POINT('',(-29.4171577345602,104.620602672338,-40.6981487047696));
#3090=CARTESIAN_POINT('',(-31.4155865691712,104.449265787504,-37.7006066585913));
#3091=CARTESIAN_POINT('',(-29.4171577345602,100.731515375812,-36.8090614082436));
#3092=CARTESIAN_POINT('',(-29.4171577345602,100.731515375812,-36.8090614082436));
#3093=CARTESIAN_POINT('',(-25.5334602559868,97.9853265526354,-39.55525023142));
#3094=CARTESIAN_POINT('Origin',(33.5403049494473,82.5697414000138,-63.1025633676869));
#3095=CARTESIAN_POINT('',(29.3522588486383,104.928266231734,-41.0975919265604));
#3096=CARTESIAN_POINT('',(29.7999995827675,104.891313350456,-40.427438026651));
#3097=CARTESIAN_POINT('',(26.4408982378423,105.168546275082,-45.4551576306558));
#3098=CARTESIAN_POINT('',(39.8589047459483,48.2045155897274,-97.1142357873802));
#3099=CARTESIAN_POINT('',(33.7883599200397,82.4149730163789,-62.9037783607286));
#3100=CARTESIAN_POINT('',(39.3627948047635,48.5140523569972,-97.5118058012968));
#3101=CARTESIAN_POINT('',(39.8589047459483,48.2045155897274,-97.1142357873802));
#3102=CARTESIAN_POINT('',(33.2922499788549,82.7245097836487,-63.3013483746452));
#3103=CARTESIAN_POINT('Origin',(38.8666848635787,48.2932590383772,-97.3790457293236));
#3104=CARTESIAN_POINT('',(38.8666848635787,47.409375561894,-97.9093758152135));
#3105=CARTESIAN_POINT('',(38.8666848635787,48.1164823430806,-97.9093758152135));
#3106=CARTESIAN_POINT('',(38.8666848635787,47.409375561894,-97.9093758152135));
#3107=CARTESIAN_POINT('Origin',(38.8666848635787,48.4700357336738,-97.5558224246202));
#3108=CARTESIAN_POINT('Origin',(38.8666848635787,48.1164823430805,-97.202269034027));
#3109=CARTESIAN_POINT('Origin',(10.3704611604364,47.7629289524873,-97.9093758152135));
#3110=CARTESIAN_POINT('',(20.7409227530064,47.409375561894,-97.9093758152135));
#3111=CARTESIAN_POINT('',(20.7409227530064,48.1164823430805,-97.9093758152135));
#3112=CARTESIAN_POINT('',(20.7409227530064,47.409375561894,-97.9093758152135));
#3113=CARTESIAN_POINT('',(10.3704611604364,48.1164823430805,-97.9093758152135));
#3114=CARTESIAN_POINT('',(10.3704611604364,47.409375561894,-97.9093758152135));
#3115=CARTESIAN_POINT('Origin',(20.7409227530064,48.2932590383772,-97.3790457293236));
#3116=CARTESIAN_POINT('',(19.7842555292714,47.9105845249386,-97.4081668521688));
#3117=CARTESIAN_POINT('',(20.2625891411389,48.3670868246029,-97.6587713336912));
#3118=CARTESIAN_POINT('',(19.7842555292714,47.9105845249386,-97.4081668521688));
#3119=CARTESIAN_POINT('Origin',(20.7409227530064,48.4700357336738,-97.5558224246202));
#3120=CARTESIAN_POINT('Origin',(20.7409227530064,48.1164823430805,-97.2022690340269));
#3121=CARTESIAN_POINT('Origin',(-2.80151764367918,101.16482730153,-44.5074774661707));
#3122=CARTESIAN_POINT('',(1.91333444747,89.4275967283764,-55.891154648731));
#3123=CARTESIAN_POINT('',(2.3916680593375,89.8840990280406,-56.1417591302533));
#3124=CARTESIAN_POINT('',(1.91333444747,89.4275967283764,-55.891154648731));
#3125=CARTESIAN_POINT('',(-2.56235083774543,101.393078451362,-44.6327797069319));
#3126=CARTESIAN_POINT('',(-3.04068444961294,100.936576151698,-44.3821752254096));
#3127=CARTESIAN_POINT('Origin',(-5.55111512312578E-16,89.1925777873893,
-56.4797269803114));
#3128=CARTESIAN_POINT('',(-1.91333444747,89.4275967283764,-55.891154648731));
#3129=CARTESIAN_POINT('',(-2.39166805933753,89.8840990280406,-56.1417591302533));
#3130=CARTESIAN_POINT('',(-1.91333444747,89.4275967283764,-55.891154648731));
#3131=CARTESIAN_POINT('Origin',(-5.55111512312578E-16,89.369354482686,-56.656503675608));
#3132=CARTESIAN_POINT('Origin',(-5.55111512312578E-16,89.0158010920927,
-56.3029502850147));
#3133=CARTESIAN_POINT('Origin',(-6.13394293386119,80.4063211146913,-65.2659836530095));
#3134=CARTESIAN_POINT('',(-19.7842555292714,47.9105845249387,-97.4081668521688));
#3135=CARTESIAN_POINT('',(-20.2625891411389,48.3670868246029,-97.6587713336912));
#3136=CARTESIAN_POINT('',(-19.7842555292714,47.9105845249387,-97.4081668521688));
#3137=CARTESIAN_POINT('',(-6.37310973979495,80.6345722645234,-65.3912858937706));
#3138=CARTESIAN_POINT('',(-5.89477612792744,80.1780699648591,-65.1406814122483));
#3139=CARTESIAN_POINT('Origin',(-20.7409227530064,48.2932590383772,-97.3790457293236));
#3140=CARTESIAN_POINT('',(-20.7409227530064,47.409375561894,-97.9093758152135));
#3141=CARTESIAN_POINT('',(-20.7409227530064,48.1164823430806,-97.9093758152135));
#3142=CARTESIAN_POINT('',(-20.7409227530064,47.409375561894,-97.9093758152135));
#3143=CARTESIAN_POINT('Origin',(-20.7409227530064,48.4700357336738,-97.5558224246202));
#3144=CARTESIAN_POINT('Origin',(-20.7409227530064,48.1164823430805,-97.2022690340269));
#3145=CARTESIAN_POINT('Origin',(-19.4303414814044,47.7629289524873,-97.9093758152135));
#3146=CARTESIAN_POINT('',(-38.8606825306751,47.409375561894,-97.9093758152135));
#3147=CARTESIAN_POINT('',(-38.8606825306751,48.1164823430805,-97.9093758152135));
#3148=CARTESIAN_POINT('',(-38.8606825306751,47.409375561894,-97.9093758152135));
#3149=CARTESIAN_POINT('',(-19.4303414814044,48.1164823430805,-97.9093758152135));
#3150=CARTESIAN_POINT('',(-19.4303414814044,47.409375561894,-97.9093758152135));
#3151=CARTESIAN_POINT('Origin',(-38.8606825306751,48.2932590383772,-97.3790457293236));
#3152=CARTESIAN_POINT('',(-39.8522364979795,48.2081903850475,-97.11056099206));
#3153=CARTESIAN_POINT('',(-39.3564595143273,48.5158897546573,-97.5099684036368));
#3154=CARTESIAN_POINT('',(-39.8522364979795,48.2081903850475,-97.11056099206));
#3155=CARTESIAN_POINT('Origin',(-38.8606825306751,48.4700357336738,-97.5558224246202));
#3156=CARTESIAN_POINT('Origin',(-38.8606825306751,48.1164823430805,-97.202269034027));
#3157=CARTESIAN_POINT('Origin',(-28.053845160529,110.804475189468,-34.8678295782331));
#3158=CARTESIAN_POINT('',(-27.8059566687029,110.958324874272,-35.0675332840214));
#3159=CARTESIAN_POINT('',(-28.3017336523551,110.650625504663,-34.6681258724447));
#3160=CARTESIAN_POINT('Origin',(-29.4171577345602,100.731515375812,-36.8090614082436));
#3161=CARTESIAN_POINT('',(-39.8522364979795,37.9551420578426,-86.8575126648551));
#3162=CARTESIAN_POINT('',(-39.8522364979795,44.3191030885215,-93.221473695534));
#3163=CARTESIAN_POINT('',(-29.4171577345602,94.3675543451328,-30.4451003775647));
#3164=CARTESIAN_POINT('',(-31.7586229134001,81.7095091094715,-43.103145613226));
#3165=CARTESIAN_POINT('',(-29.4171577345602,98.0432726678666,-34.1208187002985));
#3166=CARTESIAN_POINT('',(-29.4171577345602,100.731515375812,-36.8090614082436));
#3167=CARTESIAN_POINT('',(-29.4433176332657,98.1152202854215,-34.475609030328));
#3168=CARTESIAN_POINT('',(-29.4526834406935,98.1409790828275,-34.6026316134712));
#3169=CARTESIAN_POINT('',(-29.4433176332657,100.448672663337,-36.8090614082436));
#3170=CARTESIAN_POINT('',(-29.4433176332657,100.590094019574,-36.9504827644809));
#3171=CARTESIAN_POINT('',(-29.3625012437754,101.322465298133,-36.8090614082436));
#3172=CARTESIAN_POINT('Origin',(-38.8606825306751,44.2273950465545,-93.3131817375009));
#3173=CARTESIAN_POINT('',(-38.8606825306751,37.156327234689,-87.6563274880086));
#3174=CARTESIAN_POINT('',(-38.8606825306751,43.520288265368,-94.0202885186875));
#3175=CARTESIAN_POINT('Origin',(-38.8606825306751,37.8634340158756,-86.949220706822));
#3176=CARTESIAN_POINT('Origin',(-38.8606825306751,43.520288265368,-94.0202885186875));
#3177=CARTESIAN_POINT('',(-20.7409227530064,37.156327234689,-87.6563274880086));
#3178=CARTESIAN_POINT('',(-20.7409227530064,43.520288265368,-94.0202885186875));
#3179=CARTESIAN_POINT('',(-19.4288406821116,37.156327234689,-87.6563274880086));
#3180=CARTESIAN_POINT('Origin',(-20.7409227530064,44.2273950465545,-93.3131817375009));
#3181=CARTESIAN_POINT('',(-19.7842555292714,37.6575361977337,-87.1551185249639));
#3182=CARTESIAN_POINT('',(-19.7842555292714,44.0214972284127,-93.5190795556428));
#3183=CARTESIAN_POINT('Origin',(-20.7409227530064,37.8634340158756,-86.949220706822));
#3184=CARTESIAN_POINT('Origin',(-19.7842555292714,44.0214972284127,-93.5190795556428));
#3185=CARTESIAN_POINT('',(-1.91333444747,79.1745484011715,-45.6381063215261));
#3186=CARTESIAN_POINT('',(-1.91333444747,85.5385094318504,-52.002067352205));
#3187=CARTESIAN_POINT('',(-13.3828500073785,52.5290265901469,-72.2836281325507));
#3188=CARTESIAN_POINT('Origin',(-5.55111512312578E-16,85.1267137955667,
-52.4138629884887));
#3189=CARTESIAN_POINT('',(1.91333444747,79.1745484011715,-45.6381063215261));
#3190=CARTESIAN_POINT('',(1.91333444747,85.5385094318504,-52.002067352205));
#3191=CARTESIAN_POINT('Origin',(-5.55111512312578E-16,78.7627527648877,
-46.0499019578098));
#3192=CARTESIAN_POINT('Origin',(1.91333444747,85.5385094318504,-52.002067352205));
#3193=CARTESIAN_POINT('',(19.7842555292714,37.6575361977337,-87.1551185249639));
#3194=CARTESIAN_POINT('',(19.7842555292714,44.0214972284126,-93.5190795556428));
#3195=CARTESIAN_POINT('',(4.44764392884775,73.286941535021,-51.5257131876766));
#3196=CARTESIAN_POINT('Origin',(20.7409227530064,44.2273950465545,-93.3131817375009));
#3197=CARTESIAN_POINT('',(20.7409227530064,37.156327234689,-87.6563274880086));
#3198=CARTESIAN_POINT('',(20.7409227530064,43.520288265368,-94.0202885186875));
#3199=CARTESIAN_POINT('Origin',(20.7409227530064,37.8634340158756,-86.949220706822));
#3200=CARTESIAN_POINT('Origin',(20.7409227530064,43.520288265368,-94.0202885186875));
#3201=CARTESIAN_POINT('',(38.8666848635787,37.156327234689,-87.6563274880086));
#3202=CARTESIAN_POINT('',(38.8666848635787,43.520288265368,-94.0202885186875));
#3203=CARTESIAN_POINT('',(10.3719619597291,37.156327234689,-87.6563274880086));
#3204=CARTESIAN_POINT('Origin',(38.8666848635787,44.2273950465545,-93.3131817375009));
#3205=CARTESIAN_POINT('',(39.8589047459483,37.9514672625224,-86.8611874601752));
#3206=CARTESIAN_POINT('',(39.8589047459483,44.3154282932014,-93.2251484908541));
#3207=CARTESIAN_POINT('Origin',(38.8666848635787,37.8634340158756,-86.949220706822));
#3208=CARTESIAN_POINT('Origin',(39.8589047459483,44.3154282932014,-93.2251484908541));
#3209=CARTESIAN_POINT('',(29.7999995827675,101.00222605393,-36.538350730125));
#3210=CARTESIAN_POINT('',(29.7999995827675,101.00222605393,-36.538350730125));
#3211=CARTESIAN_POINT('',(29.8315324391526,100.683101794273,-36.5746322773075));
#3212=CARTESIAN_POINT('',(33.0458540440914,68.1529690987898,-40.2730146739154));
#3213=CARTESIAN_POINT('',(29.8315324391526,98.2706003533352,-34.1621308363696));
#3214=CARTESIAN_POINT('',(29.8315324391526,100.824523150511,-36.7160536335448));
#3215=CARTESIAN_POINT('',(29.8122551541732,98.1993622573688,-33.8736190834245));
#3216=CARTESIAN_POINT('',(31.2947362964558,103.677785904433,-56.0610398496328));
#3217=CARTESIAN_POINT('',(29.7999995827675,98.2298059790385,-33.765930655233));
#3218=CARTESIAN_POINT('',(33.5414810480135,88.9356966642538,-66.6419382080877));
#3219=CARTESIAN_POINT('',(29.7999995827675,94.6382650232515,-30.174389699446));
#3220=CARTESIAN_POINT('',(29.7999995827675,101.00222605393,-36.538350730125));
#3221=CARTESIAN_POINT('',(37.1090056761003,53.4484791048727,-71.3641756178249));
#3222=CARTESIAN_POINT('Origin',(29.9999995827675,101.143647410168,-36.3969293738876));
#3223=CARTESIAN_POINT('',(23.4958999743142,96.5445544715175,-40.9960223125378));
#3224=CARTESIAN_POINT('',(23.4958999743142,100.787195158637,-45.2386629996571));
#3225=CARTESIAN_POINT('Origin',(-4.32133677730207E-7,114.519761503884,-31.5060966544099));
#3226=CARTESIAN_POINT('Origin',(-25.6041709341055,97.8646158745167,-39.5345395533013));
#3227=CARTESIAN_POINT('',(-29.5000004470348,100.448672663337,-36.8090614082436));
#3228=CARTESIAN_POINT('',(-29.5000004470348,100.448672663337,-36.8090614082436));
#3229=CARTESIAN_POINT('',(-28.2973465979397,101.049999587885,-37.4103883327911));
#3230=CARTESIAN_POINT('Origin',(25.6041700698382,97.8646158745167,-39.5345395533013));
#3231=CARTESIAN_POINT('',(25.6748807479568,97.7439051963981,-39.5138288751826));
#3232=CARTESIAN_POINT('Ctrl Pts',(-7.20085131003175,103.657534091445,-7.55198558531617));
#3233=CARTESIAN_POINT('Ctrl Pts',(-7.18753665893494,103.113156095382,-7.00760758932189));
#3234=CARTESIAN_POINT('Ctrl Pts',(-7.33368668549016,102.565883474502,-6.46033498506253));
#3235=CARTESIAN_POINT('Ctrl Pts',(-7.6201650069288,102.097299616595,-5.99175115352751));
#3236=CARTESIAN_POINT('Ctrl Pts',(-7.26756766819441,103.609577677454,-7.5983102260956));
#3237=CARTESIAN_POINT('Ctrl Pts',(-7.26341877762066,103.071470639279,-7.06019180748435));
#3238=CARTESIAN_POINT('Ctrl Pts',(-7.41714794923177,102.534542123123,-6.52048782599977));
#3239=CARTESIAN_POINT('Ctrl Pts',(-7.70479768322979,102.079625261662,-6.061167435685));
#3240=CARTESIAN_POINT('Ctrl Pts',(-7.33428402635707,103.561621263465,-7.64463486687504));
#3241=CARTESIAN_POINT('Ctrl Pts',(-7.33930089630638,103.029785183175,-7.11277602564682));
#3242=CARTESIAN_POINT('Ctrl Pts',(-7.50060921297338,102.503200771743,-6.58064066693701));
#3243=CARTESIAN_POINT('Ctrl Pts',(-7.7894303595308,102.061950906729,-6.13058371784251));
#3244=CARTESIAN_POINT('Ctrl Pts',(-7.40100038451972,103.513664849474,-7.69095950765447));
#3245=CARTESIAN_POINT('Ctrl Pts',(-7.41518301499209,102.988099727072,-7.16536024380929));
#3246=CARTESIAN_POINT('Ctrl Pts',(-7.58407047671499,102.471859420363,-6.64079350787424));
#3247=CARTESIAN_POINT('Ctrl Pts',(-7.87406303583179,102.044276551795,-6.2));
#3248=CARTESIAN_POINT('',(-7.8740630358318,102.044276551795,-6.2));
#3249=CARTESIAN_POINT('',(-7.6071208933727,102.118851186076,-6.01330363750526));
#3250=CARTESIAN_POINT('Ctrl Pts',(-7.87406303583186,102.044276551795,-6.19999999999991));
#3251=CARTESIAN_POINT('Ctrl Pts',(-7.82885365864569,102.05757307672,-6.17004743972013));
#3252=CARTESIAN_POINT('Ctrl Pts',(-7.78395463839006,102.070447989398,-6.13939441809542));
#3253=CARTESIAN_POINT('Ctrl Pts',(-7.73937103104994,102.082899785936,-6.1081697483978));
#3254=CARTESIAN_POINT('Ctrl Pts',(-7.69501654972594,102.095287589659,-6.07710554988229));
#3255=CARTESIAN_POINT('Ctrl Pts',(-7.65092509733231,102.10727051732,-6.04544100935897));
#3256=CARTESIAN_POINT('Ctrl Pts',(-7.60712104256139,102.118850485752,-6.01330372306122));
#3257=CARTESIAN_POINT('',(-7.20103210008893,103.513664849822,-7.40811690887872));
#3258=CARTESIAN_POINT('Origin',(-9.50759038583352,103.430398692654,-7.32485075113667));
#3259=CARTESIAN_POINT('',(-7.40100038451987,103.513664849469,-7.69095950764347));
#3260=CARTESIAN_POINT('Ctrl Pts',(-7.20103209993931,103.513664849474,-7.40811690898648));
#3261=CARTESIAN_POINT('Ctrl Pts',(-7.23478083519854,103.513664849474,-7.45497509856402));
#3262=CARTESIAN_POINT('Ctrl Pts',(-7.26830354781685,103.513664849474,-7.50194991347718));
#3263=CARTESIAN_POINT('Ctrl Pts',(-7.33497797128237,103.513664849474,-7.59625543352051));
#3264=CARTESIAN_POINT('Ctrl Pts',(-7.36807879207936,103.513664849474,-7.6435140908063));
#3265=CARTESIAN_POINT('Ctrl Pts',(-7.40100038451462,103.513664849474,-7.69095950764711));
#3266=CARTESIAN_POINT('Ctrl Pts',(-7.40100038451997,103.513664849466,-7.69095950764649));
#3267=CARTESIAN_POINT('Ctrl Pts',(-7.40800826258846,103.253974215799,-7.43125200411341));
#3268=CARTESIAN_POINT('Ctrl Pts',(-7.45185306224161,102.994202228763,-7.16826756283595));
#3269=CARTESIAN_POINT('Ctrl Pts',(-7.61093520395408,102.501687898024,-6.6683123381348));
#3270=CARTESIAN_POINT('Ctrl Pts',(-7.72376818037506,102.265880532335,-6.42845067733513));
#3271=CARTESIAN_POINT('Ctrl Pts',(-7.87406303583204,102.044276551795,-6.20000000000021));
#3272=CARTESIAN_POINT('Origin',(-4.32133677730207E-7,103.513664849474,-6.99999999999999));
#3273=CARTESIAN_POINT('',(7.30105364107516,103.513664849826,-7.40811690888923));
#3274=CARTESIAN_POINT('',(-9.50000043213368,103.513664849474,-7.40811690796319));
#3275=CARTESIAN_POINT('',(7.50102269533938,103.513664849469,-7.69095945005986));
#3276=CARTESIAN_POINT('Ctrl Pts',(7.50102269533404,103.513664849474,-7.69095945006356));
#3277=CARTESIAN_POINT('Ctrl Pts',(7.46810115293072,103.513664849474,-7.64351393265785));
#3278=CARTESIAN_POINT('Ctrl Pts',(7.43500027050032,103.513664849474,-7.59625521470474));
#3279=CARTESIAN_POINT('Ctrl Pts',(7.3683255919902,103.513664849474,-7.50194973271588));
#3280=CARTESIAN_POINT('Ctrl Pts',(7.33480265541229,103.513664849474,-7.4549749730701));
#3281=CARTESIAN_POINT('Ctrl Pts',(7.30105364092376,103.513664849474,-7.40811690899827));
#3282=CARTESIAN_POINT('',(7.50102329849252,103.513666080224,-7.71159686452919));
#3283=CARTESIAN_POINT('',(7.50102269533922,103.513664849474,-6.));
#3284=CARTESIAN_POINT('',(7.30098681057193,103.513664855031,-7.42893219704478));
#3285=CARTESIAN_POINT('Ctrl Pts',(7.50102445904912,103.513664849474,-7.7115960581411));
#3286=CARTESIAN_POINT('Ctrl Pts',(7.46810339247959,103.513664849474,-7.66421624633631));
#3287=CARTESIAN_POINT('Ctrl Pts',(7.43498273002899,103.513664849481,-7.61698828162014));
#3288=CARTESIAN_POINT('Ctrl Pts',(7.36829717226319,103.513664849481,-7.52276132033084));
#3289=CARTESIAN_POINT('Ctrl Pts',(7.33474386753035,103.513664849474,-7.47577942084386));
#3290=CARTESIAN_POINT('Ctrl Pts',(7.30098681576261,103.513664849474,-7.42893219819529));
#3291=CARTESIAN_POINT('',(-7.20096525545737,103.513664849455,-7.42893218811487));
#3292=CARTESIAN_POINT('',(-9.50000043213368,103.513664849474,-7.4289321881345));
#3293=CARTESIAN_POINT('',(-7.40100098820592,103.51366607973,-7.71159682838701));
#3294=CARTESIAN_POINT('Ctrl Pts',(-7.20096525545634,103.513664849474,-7.42893218813468));
#3295=CARTESIAN_POINT('Ctrl Pts',(-7.23472204431808,103.513664849474,-7.4757795531602));
#3296=CARTESIAN_POINT('Ctrl Pts',(-7.2682751533223,103.513664849474,-7.52276153611706));
#3297=CARTESIAN_POINT('Ctrl Pts',(-7.33496045598025,103.513664849474,-7.616988499363));
#3298=CARTESIAN_POINT('Ctrl Pts',(-7.36808104912059,103.513664849474,-7.66421636768106));
#3299=CARTESIAN_POINT('Ctrl Pts',(-7.40100214835799,103.513664849474,-7.71159602227652));
#3300=CARTESIAN_POINT('',(-7.40100038451972,103.513664849474,-6.));
#3301=CARTESIAN_POINT('Origin',(-24.5000003650784,105.418888897775,-9.31334095626428));
#3302=CARTESIAN_POINT('',(-7.59945327231296,102.105547941511,-6.));
#3303=CARTESIAN_POINT('',(-7.59945327231297,102.105547941511,-5.99999999999999));
#3304=CARTESIAN_POINT('',(7.69991639565637,102.105547941511,-6.));
#3305=CARTESIAN_POINT('',(-19.0000004321337,102.105547941511,-6.));
#3306=CARTESIAN_POINT('',(7.70758972567705,102.118865868095,-6.01331832196034));
#3307=CARTESIAN_POINT('',(7.70758830906466,102.118864822018,-6.01331688050747));
#3308=CARTESIAN_POINT('Origin',(9.6076872559691,103.431018086935,-7.32547014541722));
#3309=CARTESIAN_POINT('Ctrl Pts',(-12.6798342598771,102.097299616595,-5.99175115352752));
#3310=CARTESIAN_POINT('Ctrl Pts',(-12.9663125813157,102.565883474502,-6.46033498506254));
#3311=CARTESIAN_POINT('Ctrl Pts',(-13.112462607871,103.113156095382,-7.00760758932191));
#3312=CARTESIAN_POINT('Ctrl Pts',(-13.0991479567742,103.657534091445,-7.5519855853162));
#3313=CARTESIAN_POINT('Ctrl Pts',(-12.5952015835761,102.079625261662,-6.061167435685));
#3314=CARTESIAN_POINT('Ctrl Pts',(-12.8828513175742,102.534542123123,-6.52048782599977));
#3315=CARTESIAN_POINT('Ctrl Pts',(-13.0365804891853,103.071470639279,-7.06019180748437));
#3316=CARTESIAN_POINT('Ctrl Pts',(-13.0324315986116,103.609577677454,-7.59831022609563));
#3317=CARTESIAN_POINT('Ctrl Pts',(-12.5105689072751,102.061950906729,-6.13058371784249));
#3318=CARTESIAN_POINT('Ctrl Pts',(-12.7993900538325,102.503200771743,-6.580640666937));
#3319=CARTESIAN_POINT('Ctrl Pts',(-12.9606983704996,103.029785183175,-7.11277602564684));
#3320=CARTESIAN_POINT('Ctrl Pts',(-12.9657152404489,103.561621263465,-7.64463486687506));
#3321=CARTESIAN_POINT('Ctrl Pts',(-12.4259362309741,102.044276551795,-6.19999999999998));
#3322=CARTESIAN_POINT('Ctrl Pts',(-12.715928790091,102.471859420363,-6.64079350787424));
#3323=CARTESIAN_POINT('Ctrl Pts',(-12.8848162518139,102.988099727072,-7.1653602438093));
#3324=CARTESIAN_POINT('Ctrl Pts',(-12.8989988822862,103.513664849474,-7.69095950765449));
#3325=CARTESIAN_POINT('',(-12.8989988822862,103.513664849474,-7.69095950765449));
#3326=CARTESIAN_POINT('',(-13.098967166717,103.513664849822,-7.40811690887871));
#3327=CARTESIAN_POINT('Ctrl Pts',(-12.8989988822862,103.513664849474,-7.69095950765447));
#3328=CARTESIAN_POINT('Ctrl Pts',(-12.9319204747226,103.513664849474,-7.64351409081201));
#3329=CARTESIAN_POINT('Ctrl Pts',(-12.9650212955242,103.513664849474,-7.59625543351969));
#3330=CARTESIAN_POINT('Ctrl Pts',(-13.0316957189884,103.513664849474,-7.50194991347824));
#3331=CARTESIAN_POINT('Ctrl Pts',(-13.065218431606,103.513664849474,-7.45497509856606));
#3332=CARTESIAN_POINT('Ctrl Pts',(-13.0989671668667,103.513664849474,-7.40811690898648));
#3333=CARTESIAN_POINT('',(-12.6928783734331,102.118851186076,-6.0133036375053));
#3334=CARTESIAN_POINT('Origin',(-10.7924088809628,103.430398692655,-7.32485075113741));
#3335=CARTESIAN_POINT('',(-12.4259362309742,102.044276551795,-6.2));
#3336=CARTESIAN_POINT('Ctrl Pts',(-12.6928782242446,102.118850485752,-6.01330372306123));
#3337=CARTESIAN_POINT('Ctrl Pts',(-12.6490758464288,102.107270960637,-6.04543977904383));
#3338=CARTESIAN_POINT('Ctrl Pts',(-12.6049860939595,102.095288507464,-6.07710312469095));
#3339=CARTESIAN_POINT('Ctrl Pts',(-12.5606333330517,102.082901209563,-6.10816617844147));
#3340=CARTESIAN_POINT('Ctrl Pts',(-12.5160480499529,102.070448970459,-6.13939208224171));
#3341=CARTESIAN_POINT('Ctrl Pts',(-12.4711473302638,102.057573583208,-6.17004629877534));
#3342=CARTESIAN_POINT('Ctrl Pts',(-12.4259362309741,102.044276551795,-6.19999999999995));
#3343=CARTESIAN_POINT('Ctrl Pts',(-12.425936230974,102.044276551795,-6.20000000000011));
#3344=CARTESIAN_POINT('Ctrl Pts',(-12.5762310864316,102.265880532336,-6.42845067733596));
#3345=CARTESIAN_POINT('Ctrl Pts',(-12.6890640628529,102.501687898026,-6.66831233813655));
#3346=CARTESIAN_POINT('Ctrl Pts',(-12.8481462045657,102.994202228769,-7.16826756284132));
#3347=CARTESIAN_POINT('Ctrl Pts',(-12.8919910042185,103.253974215806,-7.43125200412038));
#3348=CARTESIAN_POINT('Ctrl Pts',(-12.8989988822862,103.513664849474,-7.69095950765445));
#3349=CARTESIAN_POINT('Origin',(-4.32133677730207E-7,103.513664849474,-6.99999999999999));
#3350=CARTESIAN_POINT('',(-12.8989982786001,103.51366607973,-7.71159682839937));
#3351=CARTESIAN_POINT('',(-12.8989988822862,103.513664849474,-6.));
#3352=CARTESIAN_POINT('',(-13.0990340093509,103.513664854856,-7.42893219676507));
#3353=CARTESIAN_POINT('Ctrl Pts',(-12.8989971184483,103.513664849474,-7.71159602228903));
#3354=CARTESIAN_POINT('Ctrl Pts',(-12.9319182302139,103.513664849474,-7.66421634966053));
#3355=CARTESIAN_POINT('Ctrl Pts',(-12.9650388360433,103.513664849481,-7.61698846342719));
#3356=CARTESIAN_POINT('Ctrl Pts',(-13.0317241358399,103.513664849481,-7.52276150485743));
#3357=CARTESIAN_POINT('Ctrl Pts',(-13.0652772298084,103.513664849474,-7.47577954306049));
#3358=CARTESIAN_POINT('Ctrl Pts',(-13.099034004326,103.513664849474,-7.42893219788152));
#3359=CARTESIAN_POINT('',(-19.0000004321337,103.513664849474,-7.42893218813453));
#3360=CARTESIAN_POINT('',(-9.50000043213368,103.513664849474,-7.4289321881345));
#3361=CARTESIAN_POINT('',(-19.0000004321337,103.513664849474,-7.40811690796322));
#3362=CARTESIAN_POINT('',(-19.0000004321337,103.513664849474,-6.));
#3363=CARTESIAN_POINT('',(-9.50000043213368,103.513664849474,-7.40811690796319));
#3364=CARTESIAN_POINT('Origin',(-10.149999633403,103.587847931368,-6.));
#3365=CARTESIAN_POINT('',(-7.87088933065749,105.126727764242,-9.29999883677632));
#3366=CARTESIAN_POINT('Ctrl Pts',(-7.87088833577284,105.126727943914,-9.29999651032895));
#3367=CARTESIAN_POINT('Ctrl Pts',(-7.70540069922983,104.881637528165,-9.0621680807154));
#3368=CARTESIAN_POINT('Ctrl Pts',(-7.58586682453804,104.619434991305,-8.80439384163829));
#3369=CARTESIAN_POINT('Ctrl Pts',(-7.42876166617537,104.077765673152,-8.27107463208248));
#3370=CARTESIAN_POINT('Ctrl Pts',(-7.39343072024534,103.794187536924,-7.9914580481223));
#3371=CARTESIAN_POINT('Ctrl Pts',(-7.40100028492503,103.513668540243,-7.71159716589264));
#3372=CARTESIAN_POINT('',(-12.4291099361489,105.126727764242,-9.29999883677632));
#3373=CARTESIAN_POINT('Origin',(-10.149999633403,103.587847931368,-9.3));
#3374=CARTESIAN_POINT('Ctrl Pts',(-12.898998981881,103.513668540243,-7.71159716590479));
#3375=CARTESIAN_POINT('Ctrl Pts',(-12.9065685465604,103.794187536913,-7.99145804814484));
#3376=CARTESIAN_POINT('Ctrl Pts',(-12.8712376006337,104.077765673137,-8.27107463210102));
#3377=CARTESIAN_POINT('Ctrl Pts',(-12.7141324422708,104.619434991299,-8.80439384164966));
#3378=CARTESIAN_POINT('Ctrl Pts',(-12.5945985675777,104.881637528163,-9.0621680807164));
#3379=CARTESIAN_POINT('Ctrl Pts',(-12.4291109310335,105.126727943914,-9.29999651032896));
#3380=CARTESIAN_POINT('Origin',(-10.149999633403,103.587847931368,-6.2));
#3381=CARTESIAN_POINT('Ctrl Pts',(13.199168720918,103.657505613655,-7.55195710623115));
#3382=CARTESIAN_POINT('Ctrl Pts',(13.2123272435307,103.113071146641,-7.00752263930146));
#3383=CARTESIAN_POINT('Ctrl Pts',(13.0659888851576,102.565785408322,-6.46023691766134));
#3384=CARTESIAN_POINT('Ctrl Pts',(12.7793178875065,102.097249463184,-5.99170099896711));
#3385=CARTESIAN_POINT('Ctrl Pts',(13.1324384932303,103.609558692262,-7.59829122084444));
#3386=CARTESIAN_POINT('Ctrl Pts',(13.1364321847452,103.071399679533,-7.06011821967451));
#3387=CARTESIAN_POINT('Ctrl Pts',(12.9825176256858,102.534463735698,-6.52040365413546));
#3388=CARTESIAN_POINT('Ctrl Pts',(12.6946831041909,102.079599773941,-6.0611339993114));
#3389=CARTESIAN_POINT('Ctrl Pts',(13.0657082655425,103.561611770867,-7.64462533545773));
#3390=CARTESIAN_POINT('Ctrl Pts',(13.0605371259595,103.029728212423,-7.11271380004755));
#3391=CARTESIAN_POINT('Ctrl Pts',(12.899046366214,102.503142063073,-6.58057039060958));
#3392=CARTESIAN_POINT('Ctrl Pts',(12.6100483208752,102.0619500847,-6.13056699965571));
#3393=CARTESIAN_POINT('Ctrl Pts',(12.9989780378548,103.513664849474,-7.69095945007102));
#3394=CARTESIAN_POINT('Ctrl Pts',(12.984642067174,102.988056745315,-7.16530938042059));
#3395=CARTESIAN_POINT('Ctrl Pts',(12.8155751067423,102.471820390449,-6.6407371270837));
#3396=CARTESIAN_POINT('Ctrl Pts',(12.5254135375596,102.044300395458,-6.2));
#3397=CARTESIAN_POINT('',(12.5254135375595,102.044300395458,-6.19999999999999));
#3398=CARTESIAN_POINT('',(12.792411007517,102.118865868095,-6.01331832196034));
#3399=CARTESIAN_POINT('Ctrl Pts',(12.5254135375598,102.044300395458,-6.20000000000019));
#3400=CARTESIAN_POINT('Ctrl Pts',(12.5706334645333,102.057595286328,-6.17005012818298));
#3401=CARTESIAN_POINT('Ctrl Pts',(12.6155427241144,102.070468750667,-6.13939939524716));
#3402=CARTESIAN_POINT('Ctrl Pts',(12.660136383737,102.082919251474,-6.1081765662414));
#3403=CARTESIAN_POINT('Ctrl Pts',(12.7044992560308,102.095305316712,-6.07711532597632));
#3404=CARTESIAN_POINT('Ctrl Pts',(12.7485988405053,102.107286656141,-6.0454534186384));
#3405=CARTESIAN_POINT('Ctrl Pts',(12.7924108570882,102.118865163401,-6.01331840802056));
#3406=CARTESIAN_POINT('',(13.1989470921189,103.513664849826,-7.40811690888923));
#3407=CARTESIAN_POINT('Origin',(10.8923134772246,103.431018086935,-7.3254701454177));
#3408=CARTESIAN_POINT('',(12.9989780378547,103.513664849469,-7.69095945005985));
#3409=CARTESIAN_POINT('Ctrl Pts',(13.1989470922703,103.513664849474,-7.40811690899827));
#3410=CARTESIAN_POINT('Ctrl Pts',(13.165198077781,103.513664849474,-7.45497497307116));
#3411=CARTESIAN_POINT('Ctrl Pts',(13.1316751412035,103.513664849474,-7.50194973271638));
#3412=CARTESIAN_POINT('Ctrl Pts',(13.065000462694,103.513664849474,-7.59625521470429));
#3413=CARTESIAN_POINT('Ctrl Pts',(13.0318995802641,103.513664849474,-7.64351393265675));
#3414=CARTESIAN_POINT('Ctrl Pts',(12.99897803786,103.513664849474,-7.69095945006353));
#3415=CARTESIAN_POINT('Ctrl Pts',(12.9989780378546,103.513664849466,-7.69095945006292));
#3416=CARTESIAN_POINT('Ctrl Pts',(12.9918945522307,103.253958860098,-7.43123272530411));
#3417=CARTESIAN_POINT('Ctrl Pts',(12.9479690783934,102.994176726944,-7.16823336173085));
#3418=CARTESIAN_POINT('Ctrl Pts',(12.7887181099745,102.501669455818,-6.66827693727739));
#3419=CARTESIAN_POINT('Ctrl Pts',(12.6758000594268,102.265877791997,-6.42842764390289));
#3420=CARTESIAN_POINT('Ctrl Pts',(12.5254135375601,102.044300395458,-6.19999999999955));
#3421=CARTESIAN_POINT('Origin',(-24.5000003650784,105.418888897775,-9.31334095626428));
#3422=CARTESIAN_POINT('',(12.8000843375377,102.105547941511,-6.));
#3423=CARTESIAN_POINT('',(12.8000843375377,102.105547941511,-5.99999999999999));
#3424=CARTESIAN_POINT('',(25.5029739506417,102.105547941511,-6.));
#3425=CARTESIAN_POINT('',(-19.0000004321337,102.105547941511,-6.));
#3426=CARTESIAN_POINT('',(28.3059726847946,111.166208113291,-15.0606601717798));
#3427=CARTESIAN_POINT('',(23.0000003427267,94.0147154327673,2.09083250874363));
#3428=CARTESIAN_POINT('',(18.9999997452618,111.166208113291,-15.0606601717798));
#3429=CARTESIAN_POINT('',(-12.2500003986061,111.166208113291,-15.0606601717798));
#3430=CARTESIAN_POINT('',(18.9999997768399,103.513664849474,-7.40811690796317));
#3431=CARTESIAN_POINT('',(19.0000002831221,94.0147154327673,2.09083250874363));
#3432=CARTESIAN_POINT('',(-9.50000043213368,103.513664849474,-7.40811690796319));
#3433=CARTESIAN_POINT('Origin',(10.250000366597,103.588643265875,-6.1));
#3434=CARTESIAN_POINT('',(7.97458719563451,102.044300395458,-6.2));
#3435=CARTESIAN_POINT('Origin',(10.250000366597,103.588643265875,-6.2));
#3436=CARTESIAN_POINT('Ctrl Pts',(7.7075898761058,102.118865163401,-6.01331840802059));
#3437=CARTESIAN_POINT('Ctrl Pts',(7.7514004984204,102.107287024614,-6.04545239597776));
#3438=CARTESIAN_POINT('Ctrl Pts',(7.79549866952546,102.095306079559,-6.07711331013968));
#3439=CARTESIAN_POINT('Ctrl Pts',(7.83986011139657,102.082920434735,-6.10817359890594));
#3440=CARTESIAN_POINT('Ctrl Pts',(7.88445516429127,102.070469566079,-6.13939745372292));
#3441=CARTESIAN_POINT('Ctrl Pts',(7.92936583683375,102.057595707293,-6.17004917986161));
#3442=CARTESIAN_POINT('Ctrl Pts',(7.97458719563432,102.044300395458,-6.20000000000024));
#3443=CARTESIAN_POINT('Origin',(10.250000366597,103.588643265875,-6.));
#3444=CARTESIAN_POINT('Ctrl Pts',(7.72068284568748,102.097249463184,-5.99170099896711));
#3445=CARTESIAN_POINT('Ctrl Pts',(7.43401184803651,102.565785408322,-6.46023691766133));
#3446=CARTESIAN_POINT('Ctrl Pts',(7.28767348966335,103.113071146641,-7.00752263930146));
#3447=CARTESIAN_POINT('Ctrl Pts',(7.30083201227607,103.657505613655,-7.55195710623115));
#3448=CARTESIAN_POINT('Ctrl Pts',(7.80531762900316,102.079599773941,-6.0611339993114));
#3449=CARTESIAN_POINT('Ctrl Pts',(7.51748310750827,102.534463735698,-6.52040365413546));
#3450=CARTESIAN_POINT('Ctrl Pts',(7.36356854844893,103.071399679533,-7.06011821967451));
#3451=CARTESIAN_POINT('Ctrl Pts',(7.36756223996379,103.609558692262,-7.59829122084444));
#3452=CARTESIAN_POINT('Ctrl Pts',(7.88995241231884,102.0619500847,-6.13056699965571));
#3453=CARTESIAN_POINT('Ctrl Pts',(7.60095436698004,102.503142063073,-6.58057039060958));
#3454=CARTESIAN_POINT('Ctrl Pts',(7.43946360723451,103.029728212423,-7.11271380004755));
#3455=CARTESIAN_POINT('Ctrl Pts',(7.43429246765151,103.561611770867,-7.64462533545773));
#3456=CARTESIAN_POINT('Ctrl Pts',(7.97458719563451,102.044300395458,-6.2));
#3457=CARTESIAN_POINT('Ctrl Pts',(7.68442562645181,102.471820390449,-6.6407371270837));
#3458=CARTESIAN_POINT('Ctrl Pts',(7.51535866602009,102.988056745315,-7.16530938042059));
#3459=CARTESIAN_POINT('Ctrl Pts',(7.50102269533922,103.513664849474,-7.69095945007102));
#3460=CARTESIAN_POINT('Ctrl Pts',(7.97458719563385,102.044300395458,-6.19999999999943));
#3461=CARTESIAN_POINT('Ctrl Pts',(7.82420067376734,102.265877791997,-6.42842764390259));
#3462=CARTESIAN_POINT('Ctrl Pts',(7.71128262321966,102.501669455818,-6.66827693727683));
#3463=CARTESIAN_POINT('Ctrl Pts',(7.55203165480064,102.994176726944,-7.16823336173079));
#3464=CARTESIAN_POINT('Ctrl Pts',(7.50810618096329,103.253958860098,-7.43123272530405));
#3465=CARTESIAN_POINT('Ctrl Pts',(7.5010226953394,103.513664849466,-7.69095945006291));
#3466=CARTESIAN_POINT('Ctrl Pts',(-13.0990340114802,103.513664854489,-7.42893219314925));
#3467=CARTESIAN_POINT('Ctrl Pts',(-13.1164652969652,104.183125182389,-8.09839252104962));
#3468=CARTESIAN_POINT('Ctrl Pts',(-12.8902252478975,104.856410200814,-8.77167753947446));
#3469=CARTESIAN_POINT('Ctrl Pts',(-12.4639608519525,105.38473266134,-9.29999999999999));
#3470=CARTESIAN_POINT('Ctrl Pts',(-13.0299403329072,103.467455477906,-7.47694061828875));
#3471=CARTESIAN_POINT('Ctrl Pts',(-13.0582183742573,104.128365210536,-8.1384229056475));
#3472=CARTESIAN_POINT('Ctrl Pts',(-12.8457232079732,104.799316049985,-8.80563288015396));
#3473=CARTESIAN_POINT('Ctrl Pts',(-12.4310516696689,105.328934634819,-9.32924603648568));
#3474=CARTESIAN_POINT('Ctrl Pts',(-12.9608466543343,103.421246101323,-7.52494904342826));
#3475=CARTESIAN_POINT('Ctrl Pts',(-12.9999714515493,104.073605238683,-8.17845329024539));
#3476=CARTESIAN_POINT('Ctrl Pts',(-12.8012211680488,104.742221899157,-8.83958822083346));
#3477=CARTESIAN_POINT('Ctrl Pts',(-12.3981424873853,105.273136608298,-9.35849207297136));
#3478=CARTESIAN_POINT('Ctrl Pts',(-12.8917529757613,103.375036724739,-7.57295746856776));
#3479=CARTESIAN_POINT('Ctrl Pts',(-12.9417245288414,104.01884526683,-8.21848367484327));
#3480=CARTESIAN_POINT('Ctrl Pts',(-12.7567191281245,104.685127748328,-8.87354356151296));
#3481=CARTESIAN_POINT('Ctrl Pts',(-12.3652333051018,105.217338581778,-9.38773810945704));
#3482=CARTESIAN_POINT('',(-12.4639608519526,105.384732661339,-9.29999999999986));
#3483=CARTESIAN_POINT('Ctrl Pts',(-12.4639608519524,105.384732661339,-9.29999999999999));
#3484=CARTESIAN_POINT('Ctrl Pts',(-12.4592354274644,105.341579903812,-9.29999999999999));
#3485=CARTESIAN_POINT('Ctrl Pts',(-12.4539612800872,105.29848628624,-9.29999999997822));
#3486=CARTESIAN_POINT('Ctrl Pts',(-12.4423373178674,105.212477050208,-9.29999999997822));
#3487=CARTESIAN_POINT('Ctrl Pts',(-12.435988006643,105.169559458172,-9.3));
#3488=CARTESIAN_POINT('Ctrl Pts',(-12.429107947602,105.126728083664,-9.3));
#3489=CARTESIAN_POINT('Ctrl Pts',(-12.4639608519525,105.38473266134,-9.29999999999999));
#3490=CARTESIAN_POINT('Ctrl Pts',(-12.8902252455352,104.856410203742,-8.77167754240229));
#3491=CARTESIAN_POINT('Ctrl Pts',(-13.1164652944577,104.183125189852,-8.09839252851197));
#3492=CARTESIAN_POINT('Ctrl Pts',(-13.09903401177,103.513664865619,-7.4289322042792));
#3493=CARTESIAN_POINT('Ctrl Pts',(-7.83603841485351,105.38473266134,-9.30000000000001));
#3494=CARTESIAN_POINT('Ctrl Pts',(-7.40977401783996,104.85641019949,-8.77167753815014));
#3495=CARTESIAN_POINT('Ctrl Pts',(-7.18353396874513,104.183125179004,-8.09839251766418));
#3496=CARTESIAN_POINT('Ctrl Pts',(-7.20096525545686,103.513664849454,-7.42893218811486));
#3497=CARTESIAN_POINT('Ctrl Pts',(-7.86894759713707,105.328934634819,-9.32924603648569));
#3498=CARTESIAN_POINT('Ctrl Pts',(-7.45427605779334,104.799316048658,-8.80563287884144));
#3499=CARTESIAN_POINT('Ctrl Pts',(-7.24178089152358,104.128365207164,-8.13842290229209));
#3500=CARTESIAN_POINT('Ctrl Pts',(-7.27005893411138,103.467455472936,-7.47694061331436));
#3501=CARTESIAN_POINT('Ctrl Pts',(-7.90185677942063,105.273136608298,-9.35849207297137));
#3502=CARTESIAN_POINT('Ctrl Pts',(-7.49877809774672,104.742221897826,-8.83958821953274));
#3503=CARTESIAN_POINT('Ctrl Pts',(-7.30002781430204,104.073605235324,-8.17845328692));
#3504=CARTESIAN_POINT('Ctrl Pts',(-7.3391526127659,103.421246096417,-7.52494903851385));
#3505=CARTESIAN_POINT('Ctrl Pts',(-7.9347659617042,105.217338581778,-9.38773810945705));
#3506=CARTESIAN_POINT('Ctrl Pts',(-7.54328013770011,104.685127746994,-8.87354356022404));
#3507=CARTESIAN_POINT('Ctrl Pts',(-7.35827473708049,104.018845263484,-8.21848367154791));
#3508=CARTESIAN_POINT('Ctrl Pts',(-7.40824629142042,103.375036719898,-7.57295746371335));
#3509=CARTESIAN_POINT('',(-7.83603841485339,105.384732661339,-9.29999999999986));
#3510=CARTESIAN_POINT('Ctrl Pts',(-7.87089131920441,105.126728083665,-9.3));
#3511=CARTESIAN_POINT('Ctrl Pts',(-7.86401126016327,105.169559458172,-9.3));
#3512=CARTESIAN_POINT('Ctrl Pts',(-7.85766194893873,105.212477050208,-9.29999999997822));
#3513=CARTESIAN_POINT('Ctrl Pts',(-7.84603798671851,105.298486286241,-9.29999999997822));
#3514=CARTESIAN_POINT('Ctrl Pts',(-7.84076383934153,105.341579903813,-9.3));
#3515=CARTESIAN_POINT('Ctrl Pts',(-7.83603841485361,105.384732661339,-9.3));
#3516=CARTESIAN_POINT('Ctrl Pts',(-7.20096525545639,103.513664849455,-7.42893218811505));
#3517=CARTESIAN_POINT('Ctrl Pts',(-7.19232608673964,103.845457954119,-7.76072529277943));
#3518=CARTESIAN_POINT('Ctrl Pts',(-7.24344276270733,104.181940573808,-8.09720791391217));
#3519=CARTESIAN_POINT('Ctrl Pts',(-7.45673006164924,104.810356607178,-8.72562394728153));
#3520=CARTESIAN_POINT('Ctrl Pts',(-7.61607759084103,105.112107865868,-9.0273752045279));
#3521=CARTESIAN_POINT('Ctrl Pts',(-7.83603841485321,105.384732661339,-9.29999999999961));
#3522=CARTESIAN_POINT('Ctrl Pts',(12.5646030496833,105.38473266134,-9.29999999999999));
#3523=CARTESIAN_POINT('Ctrl Pts',(12.990628899231,104.856323550028,-8.77159088868841));
#3524=CARTESIAN_POINT('Ctrl Pts',(13.2166302382664,104.183049768322,-8.09831710698284));
#3525=CARTESIAN_POINT('Ctrl Pts',(13.1990139246808,103.513664849454,-7.42893218811423));
#3526=CARTESIAN_POINT('Ctrl Pts',(12.5316764165267,105.328932686381,-9.3292531260058));
#3527=CARTESIAN_POINT('Ctrl Pts',(12.9461087935336,104.799230882099,-8.80555429400996));
#3528=CARTESIAN_POINT('Ctrl Pts',(13.1583667340363,104.128296207759,-8.13835623860213));
#3529=CARTESIAN_POINT('Ctrl Pts',(13.1299073612971,103.467465634042,-7.47695009238097));
#3530=CARTESIAN_POINT('Ctrl Pts',(12.4987497833702,105.273132711422,-9.35850625201162));
#3531=CARTESIAN_POINT('Ctrl Pts',(12.9015886878362,104.74213821417,-8.83951769933152));
#3532=CARTESIAN_POINT('Ctrl Pts',(13.1001032298062,104.073542647196,-8.17839537022142));
#3533=CARTESIAN_POINT('Ctrl Pts',(13.0608007979134,103.42126641863,-7.52496799664771));
#3534=CARTESIAN_POINT('Ctrl Pts',(12.4658231502136,105.217332736464,-9.38775937801742));
#3535=CARTESIAN_POINT('Ctrl Pts',(12.8570685821388,104.685045546241,-8.87348110465308));
#3536=CARTESIAN_POINT('Ctrl Pts',(13.0418397255761,104.018789086633,-8.21843450184072));
#3537=CARTESIAN_POINT('Ctrl Pts',(12.9916942345297,103.375067203217,-7.57298590091445));
#3538=CARTESIAN_POINT('',(12.5646030496834,105.384732661339,-9.29999999999986));
#3539=CARTESIAN_POINT('',(12.5296650908973,105.126701673683,-9.29999884165733));
#3540=CARTESIAN_POINT('Ctrl Pts',(12.5296631088774,105.126701992694,-9.3));
#3541=CARTESIAN_POINT('Ctrl Pts',(12.5365575627272,105.169537389892,-9.3));
#3542=CARTESIAN_POINT('Ctrl Pts',(12.5429213172123,105.212459165327,-9.29999999997825));
#3543=CARTESIAN_POINT('Ctrl Pts',(12.5545742860815,105.298477096305,-9.29999999997825));
#3544=CARTESIAN_POINT('Ctrl Pts',(12.5598629972985,105.341575221576,-9.29999999999999));
#3545=CARTESIAN_POINT('Ctrl Pts',(12.5646030496832,105.384732661339,-9.29999999999999));
#3546=CARTESIAN_POINT('',(12.9989774347014,103.513666080224,-7.71159686451691));
#3547=CARTESIAN_POINT('Ctrl Pts',(12.5296660798405,105.126701858992,-9.299996524972));
#3548=CARTESIAN_POINT('Ctrl Pts',(12.6950421942148,104.881586192128,-9.06213920792182));
#3549=CARTESIAN_POINT('Ctrl Pts',(12.8144743506457,104.61937513936,-8.80435259755103));
#3550=CARTESIAN_POINT('Ctrl Pts',(12.971386108051,104.077716564242,-8.27103515313429));
#3551=CARTESIAN_POINT('Ctrl Pts',(13.0066281824922,103.794160413703,-7.99143539770843));
#3552=CARTESIAN_POINT('Ctrl Pts',(12.9989781385585,103.513668541724,-7.71159720345283));
#3553=CARTESIAN_POINT('',(13.1990139246803,103.513664849454,-7.42893218811424));
#3554=CARTESIAN_POINT('Ctrl Pts',(13.1990139246812,103.513664849474,-7.42893218813445));
#3555=CARTESIAN_POINT('Ctrl Pts',(13.1652568585521,103.513664849474,-7.47577943065144));
#3556=CARTESIAN_POINT('Ctrl Pts',(13.1317035387347,103.513664849474,-7.52276135136452));
#3557=CARTESIAN_POINT('Ctrl Pts',(13.0650179780218,103.513664849474,-7.61698831744961));
#3558=CARTESIAN_POINT('Ctrl Pts',(13.0318973282229,103.513664849474,-7.66421626430354));
#3559=CARTESIAN_POINT('Ctrl Pts',(12.9989762741446,103.513664849474,-7.71159605812867));
#3560=CARTESIAN_POINT('Ctrl Pts',(13.1990139246808,103.513664849454,-7.42893218811423));
#3561=CARTESIAN_POINT('Ctrl Pts',(13.2077449716086,103.8454272872,-7.76069462585976));
#3562=CARTESIAN_POINT('Ctrl Pts',(13.1567317722811,104.181886846377,-8.0971541864768));
#3563=CARTESIAN_POINT('Ctrl Pts',(12.9436677999103,104.810300208591,-8.72556754869059));
#3564=CARTESIAN_POINT('Ctrl Pts',(12.7844367491467,105.11206815074,-9.02733548940011));
#3565=CARTESIAN_POINT('Ctrl Pts',(12.5646030496836,105.384732661339,-9.29999999999961));
#3566=CARTESIAN_POINT('Origin',(10.250000366597,103.588643265875,-6.));
#3567=CARTESIAN_POINT('',(12.9989780378548,103.513664849474,-6.));
#3568=CARTESIAN_POINT('',(7.97033564229639,105.126701673683,-9.29999884165733));
#3569=CARTESIAN_POINT('Origin',(10.250000366597,103.588643265875,-9.3));
#3570=CARTESIAN_POINT('Ctrl Pts',(7.5010225946355,103.513668541723,-7.7115972034649));
#3571=CARTESIAN_POINT('Ctrl Pts',(7.49337255070204,103.794160413691,-7.99143539773174));
#3572=CARTESIAN_POINT('Ctrl Pts',(7.52861462513987,104.077716564227,-8.27103515315338));
#3573=CARTESIAN_POINT('Ctrl Pts',(7.68552638254539,104.619375139354,-8.80435259756283));
#3574=CARTESIAN_POINT('Ctrl Pts',(7.80495853897765,104.881586192125,-9.06213920792285));
#3575=CARTESIAN_POINT('Ctrl Pts',(7.97033465335312,105.126701858992,-9.29999652497199));
#3576=CARTESIAN_POINT('Ctrl Pts',(7.30098680837654,103.513664854649,-7.42893219330909));
#3577=CARTESIAN_POINT('Ctrl Pts',(7.28337049605705,104.183049771816,-8.0983171104765));
#3578=CARTESIAN_POINT('Ctrl Pts',(7.50937183506514,104.856323551395,-8.77159089005534));
#3579=CARTESIAN_POINT('Ctrl Pts',(7.93539768351078,105.38473266134,-9.29999999999999));
#3580=CARTESIAN_POINT('Ctrl Pts',(7.37009337167609,103.46746563917,-7.4769500975139));
#3581=CARTESIAN_POINT('Ctrl Pts',(7.34163400021438,104.128296211239,-8.13835624206481));
#3582=CARTESIAN_POINT('Ctrl Pts',(7.55389194073257,104.799230883469,-8.80555429536471));
#3583=CARTESIAN_POINT('Ctrl Pts',(7.96832431666734,105.328932686381,-9.3292531260058));
#3584=CARTESIAN_POINT('Ctrl Pts',(7.43919993497565,103.421266423692,-7.52496800171872));
#3585=CARTESIAN_POINT('Ctrl Pts',(7.39989750437172,104.073542650662,-8.17839537365311));
#3586=CARTESIAN_POINT('Ctrl Pts',(7.59841204639999,104.742138215543,-8.83951770067408));
#3587=CARTESIAN_POINT('Ctrl Pts',(8.0012509498239,105.273132711422,-9.35850625201161));
#3588=CARTESIAN_POINT('Ctrl Pts',(7.5083064982752,103.375067208213,-7.57298590592354));
#3589=CARTESIAN_POINT('Ctrl Pts',(7.45816100852905,104.018789090085,-8.21843450524142));
#3590=CARTESIAN_POINT('Ctrl Pts',(7.64293215206742,104.685045547618,-8.87348110598345));
#3591=CARTESIAN_POINT('Ctrl Pts',(8.03417758298046,105.217332736464,-9.38775937801742));
#3592=CARTESIAN_POINT('',(7.93539768351066,105.384732661339,-9.29999999999986));
#3593=CARTESIAN_POINT('Ctrl Pts',(7.93539768351089,105.384732661339,-9.29999999999999));
#3594=CARTESIAN_POINT('Ctrl Pts',(7.94013773589555,105.341575221576,-9.29999999999999));
#3595=CARTESIAN_POINT('Ctrl Pts',(7.94542644711259,105.298477096304,-9.29999999997825));
#3596=CARTESIAN_POINT('Ctrl Pts',(7.95707941598164,105.212459165327,-9.29999999997825));
#3597=CARTESIAN_POINT('Ctrl Pts',(7.96344317046662,105.169537389892,-9.3));
#3598=CARTESIAN_POINT('Ctrl Pts',(7.97033762431626,105.126701992693,-9.3));
#3599=CARTESIAN_POINT('Ctrl Pts',(7.93539768351078,105.38473266134,-9.29999999999999));
#3600=CARTESIAN_POINT('Ctrl Pts',(7.50937183750388,104.85632355442,-8.77159089308016));
#3601=CARTESIAN_POINT('Ctrl Pts',(7.28337049864449,104.183049779524,-8.09831711818466));
#3602=CARTESIAN_POINT('Ctrl Pts',(7.30098680807401,103.513664866144,-7.42893220480455));
#3603=CARTESIAN_POINT('Origin',(-10.149999633403,103.587847931368,-6.1));
#3604=CARTESIAN_POINT('',(-12.700545994493,102.105547941511,-6.));
#3605=CARTESIAN_POINT('',(-12.6928797810499,102.118850147173,-6.01330220566255));
#3606=CARTESIAN_POINT('Origin',(-10.149999633403,103.587847931368,-6.));
#3607=CARTESIAN_POINT('Origin',(-10.149999633403,103.587847931368,-9.3));
#3608=CARTESIAN_POINT('',(-14.5750000327683,105.38473266134,-9.3));
#3609=CARTESIAN_POINT('Origin',(10.250000366597,103.588643265875,-9.3));
#3610=CARTESIAN_POINT('',(-4.37500003276832,105.38473266134,-9.3));
#3611=CARTESIAN_POINT('Origin',(-24.5000003650784,105.418888897775,-9.31334095626428));
#3612=CARTESIAN_POINT('',(-19.0000004321337,111.166208113291,-15.0606601717798));
#3613=CARTESIAN_POINT('',(-19.0000004321337,100.559606395493,-4.4540584539816));
#3614=CARTESIAN_POINT('',(-28.3059726847946,111.166208113291,-15.0606601717798));
#3615=CARTESIAN_POINT('',(-12.2500003986061,111.166208113291,-15.0606601717798));
#3616=CARTESIAN_POINT('',(-25.5029739506417,102.105547941511,-6.));
#3617=CARTESIAN_POINT('',(-23.0000003427267,94.0147154327673,2.09083250874363));
#3618=CARTESIAN_POINT('',(-19.0000004321337,102.105547941511,-6.));
#3619=CARTESIAN_POINT('Origin',(-19.0000004321337,100.549198755407,-4.46446609406724));
#3620=CARTESIAN_POINT('',(18.9999995684364,103.513664849474,-7.42893218813442));
#3621=CARTESIAN_POINT('',(-9.50000043213368,103.513664849474,-7.4289321881345));
#3622=CARTESIAN_POINT('',(18.9999996569234,111.155800473205,-15.0710678118655));
#3623=CARTESIAN_POINT('',(18.9999995678663,100.549198755407,-4.46446609406724));
#3624=CARTESIAN_POINT('',(-19.0000004321337,111.155800473205,-15.0710678118654));
#3625=CARTESIAN_POINT('',(-9.50000043213368,111.155800473205,-15.0710678118654));
#3626=CARTESIAN_POINT('',(-19.0000004321337,106.206053004899,-10.1213203435596));
#3627=CARTESIAN_POINT('Origin',(-4.32133677730207E-7,103.513664849474,-6.99999999999999));
#3628=CARTESIAN_POINT('',(18.9999995678663,103.513664849474,-7.99999999999999));
#3629=CARTESIAN_POINT('Origin',(17.6999314220635,43.0534855428136,-14.75));
#3630=CARTESIAN_POINT('',(11.0000001639128,36.0000008940697,-14.5));
#3631=CARTESIAN_POINT('',(10.0000001639128,35.0000008940697,-14.5));
#3632=CARTESIAN_POINT('',(17.8767081173601,42.876708847517,-14.5));
#3633=CARTESIAN_POINT('',(9.79289338272624,35.5000008940697,-15.));
#3634=CARTESIAN_POINT('',(10.0000001639128,35.0000008940697,-14.5));
#3635=CARTESIAN_POINT('',(10.5000001639128,36.2071076752562,-15.));
#3636=CARTESIAN_POINT('',(17.5231547267669,43.2302622381103,-15.));
#3637=CARTESIAN_POINT('',(10.5000001639128,36.2071076752562,-15.));
#3638=CARTESIAN_POINT('Origin',(5.50000008195639,35.2500008940697,-14.75));
#3639=CARTESIAN_POINT('',(-10.0000001639128,35.0000008940697,-14.5));
#3640=CARTESIAN_POINT('',(5.50000008195639,35.0000008940697,-14.5));
#3641=CARTESIAN_POINT('',(-9.79289338272623,35.5000008940697,-15.));
#3642=CARTESIAN_POINT('',(-10.0000001639128,35.0000008940697,-14.5));
#3643=CARTESIAN_POINT('',(5.50000008195639,35.5000008940697,-15.));
#3644=CARTESIAN_POINT('Origin',(-17.6999314220635,43.0534855428136,-14.75));
#3645=CARTESIAN_POINT('',(-11.0000001639128,36.0000008940697,-14.5));
#3646=CARTESIAN_POINT('',(-17.8767081173601,42.876708847517,-14.5));
#3647=CARTESIAN_POINT('',(-10.5000001639128,36.2071076752562,-15.));
#3648=CARTESIAN_POINT('',(-11.0000001639128,36.0000008940697,-14.5));
#3649=CARTESIAN_POINT('',(-17.5231547267669,43.2302622381103,-15.));
#3650=CARTESIAN_POINT('Origin',(-10.7500001639128,67.7534168829208,-14.75));
#3651=CARTESIAN_POINT('',(-11.0000001639128,91.5136648494742,-14.5));
#3652=CARTESIAN_POINT('',(-11.0000001639128,67.7534168829208,-14.5));
#3653=CARTESIAN_POINT('',(-10.5000001639128,92.0136648494742,-15.));
#3654=CARTESIAN_POINT('',(-10.0433748697085,92.4702901436784,-15.4566252942043));
#3655=CARTESIAN_POINT('',(-10.5000001639128,67.7534168829208,-15.));
#3656=CARTESIAN_POINT('Origin',(10.7500001639128,83.260248860623,-14.75));
#3657=CARTESIAN_POINT('',(10.5000001639128,92.0136648494742,-15.));
#3658=CARTESIAN_POINT('',(10.5000001639128,83.260248860623,-15.));
#3659=CARTESIAN_POINT('',(11.0000001639128,91.5136648494742,-14.5));
#3660=CARTESIAN_POINT('',(13.7922360627136,88.7214289506734,-11.7077641011992));
#3661=CARTESIAN_POINT('',(11.0000001639128,83.260248860623,-14.5));
#3662=CARTESIAN_POINT('Origin',(-11.0000001639128,60.0000008940697,-6.));
#3663=CARTESIAN_POINT('',(-11.0000001639128,36.0000008940697,-7.));
#3664=CARTESIAN_POINT('',(-11.0000001639128,36.0000008940697,-6.));
#3665=CARTESIAN_POINT('',(-11.0000001639128,97.0136648494741,-7.));
#3666=CARTESIAN_POINT('',(-11.0000001639128,67.7534168829208,-7.));
#3667=CARTESIAN_POINT('',(-11.0000001639128,97.0136648494741,-7.99999999999998));
#3668=CARTESIAN_POINT('',(-11.0000001639128,97.0136648494741,-11.));
#3669=CARTESIAN_POINT('',(-11.0000001639128,91.0136648494741,-14.));
#3670=CARTESIAN_POINT('',(-11.0000001639128,92.2636648494741,-12.75));
#3671=CARTESIAN_POINT('',(-11.0000001639128,91.2636648494741,-14.25));
#3672=CARTESIAN_POINT('Origin',(-10.5000001639128,35.5000008940697,-6.));
#3673=CARTESIAN_POINT('',(-10.0000001639128,35.0000008940697,-7.));
#3674=CARTESIAN_POINT('',(-10.0000001639128,35.0000008940697,-6.));
#3675=CARTESIAN_POINT('',(-10.0000001639128,35.0000008940697,-7.));
#3676=CARTESIAN_POINT('Origin',(11.0000001639128,35.0000008940697,-6.));
#3677=CARTESIAN_POINT('',(10.0000001639128,35.0000008940697,-7.));
#3678=CARTESIAN_POINT('',(10.0000001639128,35.0000008940697,-6.));
#3679=CARTESIAN_POINT('',(5.50000008195639,35.0000008940697,-7.));
#3680=CARTESIAN_POINT('Origin',(10.5000001639128,35.5000008940697,-6.));
#3681=CARTESIAN_POINT('',(11.0000001639128,36.0000008940697,-7.));
#3682=CARTESIAN_POINT('',(11.0000001639128,36.0000008940697,-6.));
#3683=CARTESIAN_POINT('',(11.0000001639128,36.0000008940697,-7.));
#3684=CARTESIAN_POINT('Origin',(11.0000001639128,91.0136648494741,-6.));
#3685=CARTESIAN_POINT('',(11.0000001639128,91.0136648494741,-14.));
#3686=CARTESIAN_POINT('',(11.0000001639128,89.0136648494742,-12.));
#3687=CARTESIAN_POINT('',(11.0000001639128,97.0136648494741,-7.99999999999998));
#3688=CARTESIAN_POINT('',(11.0000001639128,94.5136648494741,-10.5));
#3689=CARTESIAN_POINT('',(11.0000001639128,97.0136648494741,-7.));
#3690=CARTESIAN_POINT('',(11.0000001639128,97.0136648494741,-6.5));
#3691=CARTESIAN_POINT('',(11.0000001639128,83.260248860623,-7.));
#3692=CARTESIAN_POINT('Origin',(-11.0000001639128,36.0000008940697,-7.));
#3693=CARTESIAN_POINT('',(-10.0000001639128,36.0000008940697,-6.));
#3694=CARTESIAN_POINT('',(-10.0000001639128,36.0000008940697,-6.));
#3695=CARTESIAN_POINT('',(-11.0000001639128,36.0000008940697,-7.));
#3696=CARTESIAN_POINT('Origin',(-10.5000001639128,67.7534168829208,-6.5));
#3697=CARTESIAN_POINT('',(-10.0000001639128,97.0136648494741,-6.));
#3698=CARTESIAN_POINT('',(-8.000000230968,97.0136648494741,-4.00000006705522));
#3699=CARTESIAN_POINT('',(-10.0000001639128,67.7534168829208,-6.));
#3700=CARTESIAN_POINT('Origin',(10.0000001639128,36.0000008940697,-6.));
#3701=CARTESIAN_POINT('',(10.0000001639128,36.0000008940697,-6.));
#3702=CARTESIAN_POINT('',(10.0000001639128,36.0000008940697,-6.));
#3703=CARTESIAN_POINT('',(10.0000001639128,35.0000008940697,-7.));
#3704=CARTESIAN_POINT('Origin',(10.5000001639128,83.260248860623,-6.5));
#3705=CARTESIAN_POINT('',(10.0000001639128,97.0136648494741,-6.));
#3706=CARTESIAN_POINT('',(8.00000001490116,97.0136648494741,-3.99999985098838));
#3707=CARTESIAN_POINT('',(10.0000001639128,83.260248860623,-6.));
#3708=CARTESIAN_POINT('Origin',(5.50000008195639,35.5000008940697,-6.5));
#3709=CARTESIAN_POINT('',(5.50000008195639,36.0000008940697,-6.));
#3710=CARTESIAN_POINT('Origin',(0.,75.5068328717719,-6.));
#3711=CARTESIAN_POINT('',(-23.0000003427267,85.9238829240237,-6.));
#3712=CARTESIAN_POINT('',(-26.008815382108,105.375800799979,-6.));
#3713=CARTESIAN_POINT('',(-19.0000003579274,85.9238829240237,-6.));
#3714=CARTESIAN_POINT('',(-1.9999993091332,85.9238829240237,-6.));
#3715=CARTESIAN_POINT('',(-19.0000004321337,97.0136648494741,-6.));
#3716=CARTESIAN_POINT('',(-19.0000004321337,97.2343877629383,-6.));
#3717=CARTESIAN_POINT('',(18.9999995678663,97.0136648494741,-6.));
#3718=CARTESIAN_POINT('',(18.9999998389208,97.0136648494741,-6.));
#3719=CARTESIAN_POINT('',(18.9999995678663,97.0136648494741,-6.));
#3720=CARTESIAN_POINT('',(19.0000002831221,85.9238829240237,-6.));
#3721=CARTESIAN_POINT('',(18.9999999269629,108.638561227946,-6.));
#3722=CARTESIAN_POINT('',(23.0000003427267,85.9238829240237,-6.));
#3723=CARTESIAN_POINT('',(19.0000010037912,85.9238829240237,-6.));
#3724=CARTESIAN_POINT('',(24.6618912183204,96.6679680232175,-6.));
#3725=CARTESIAN_POINT('Origin',(0.,75.5068328717719,-15.));
#3726=CARTESIAN_POINT('',(14.9999998658895,92.0136648494742,-15.));
#3727=CARTESIAN_POINT('Origin',(14.9015003746096,100.731515375812,-23.3740325656992));
#3728=CARTESIAN_POINT('',(-28.4171577345602,100.024408594625,-23.3740325656992));
#3729=CARTESIAN_POINT('',(-28.9171577345602,100.731515375812,-23.3740325656992));
#3730=CARTESIAN_POINT('',(-16.6754626085683,83.4191441021976,-23.3740325656992));
#3731=CARTESIAN_POINT('',(28.3857860203944,100.024408594625,-23.3740325656992));
#3732=CARTESIAN_POINT('',(14.9015003746096,100.024408594625,-23.3740325656992));
#3733=CARTESIAN_POINT('',(28.7999995827675,101.438622156998,-23.3740325656992));
#3734=CARTESIAN_POINT('',(28.3857860203944,100.024408594625,-23.3740325656992));
#3735=CARTESIAN_POINT('',(28.0872226847946,101.438622156998,-23.3740325656992));
#3736=CARTESIAN_POINT('',(14.9015003746096,101.438622156998,-23.3740325656992));
#3737=CARTESIAN_POINT('',(27.9246660572875,100.387697415173,-23.3740325656992));
#3738=CARTESIAN_POINT('',(26.5385464919465,91.426467296883,-23.3740325656992));
#3739=CARTESIAN_POINT('',(-27.9246660572875,100.387697415173,-23.3740325656992));
#3740=CARTESIAN_POINT('',(16.950749971238,100.387697415173,-23.3740325656992));
#3741=CARTESIAN_POINT('',(-28.0872226847947,101.438622156998,-23.3740325656992));
#3742=CARTESIAN_POINT('',(-27.9812391660549,100.753441221731,-23.3740325656992));
#3743=CARTESIAN_POINT('',(-28.4171577345602,101.438622156998,-23.3740325656992));
#3744=CARTESIAN_POINT('',(22.3507499786886,101.438622156998,-23.3740325656992));
#3745=CARTESIAN_POINT('',(-20.3475271577426,112.850803162075,-23.3740325656992));
#3746=CARTESIAN_POINT('Origin',(-31.2628459297479,81.3101016978948,-42.7954462436162));
#3747=CARTESIAN_POINT('',(-38.8606825306751,37.156327234689,-86.2421139256355));
#3748=CARTESIAN_POINT('',(-39.8522364979795,37.9551420578426,-86.8575126648551));
#3749=CARTESIAN_POINT('',(-28.4171577345602,93.61439907946,-29.7840420808644));
#3750=CARTESIAN_POINT('',(-30.7670689460957,80.910694286318,-42.4877468740064));
#3751=CARTESIAN_POINT('',(-28.4171577345602,93.61439907946,-29.7840420808644));
#3752=CARTESIAN_POINT('Origin',(-28.9171577345602,79.7788718464583,-44.3266760950527));
#3753=CARTESIAN_POINT('',(-29.4171577345602,100.731515375812,-24.0811393468858));
#3754=CARTESIAN_POINT('',(-35.1222640676465,100.731515375812,-32.149378097917));
#3755=CARTESIAN_POINT('',(-29.4171577345602,80.1324252370515,-44.680229485646));
#3756=CARTESIAN_POINT('',(-28.4171577345602,79.425318455865,-43.9731227044594));
#3757=CARTESIAN_POINT('Origin',(-19.4288406821116,37.156327234689,-86.949220706822));
#3758=CARTESIAN_POINT('',(-20.7409227530064,37.156327234689,-86.2421139256355));
#3759=CARTESIAN_POINT('',(-20.7409227530064,37.156327234689,-87.6563274880086));
#3760=CARTESIAN_POINT('',(-19.4288406821116,37.156327234689,-86.2421139256355));
#3761=CARTESIAN_POINT('',(-38.8606825306751,37.156327234689,-86.2421139256355));
#3762=CARTESIAN_POINT('Origin',(-38.8606825306751,37.8634340158756,-86.949220706822));
#3763=CARTESIAN_POINT('Origin',(-13.861183619246,52.2784221086246,-71.8271258328865));
#3764=CARTESIAN_POINT('',(-2.870001671205,78.6733394381268,-44.7251017221976));
#3765=CARTESIAN_POINT('',(-1.91333444747,79.1745484011715,-45.6381063215261));
#3766=CARTESIAN_POINT('',(-14.3395172311135,52.0278176271022,-71.3706235332223));
#3767=CARTESIAN_POINT('',(-20.7409227530064,37.156327234689,-86.2421139256355));
#3768=CARTESIAN_POINT('Origin',(-5.55111512312578E-16,78.4091993742945,
-45.6963485672165));
#3769=CARTESIAN_POINT('',(2.87000167120501,78.6733394381268,-44.7251017221977));
#3770=CARTESIAN_POINT('',(1.91333444747,79.1745484011715,-45.6381063215261));
#3771=CARTESIAN_POINT('Origin',(-5.55111512312578E-16,78.0556459837012,
-45.3427951766233));
#3772=CARTESIAN_POINT('Origin',(4.92597754071525,73.0363370534986,-51.0692108880124));
#3773=CARTESIAN_POINT('',(20.7409227530064,37.156327234689,-86.2421139256355));
#3774=CARTESIAN_POINT('',(19.7842555292714,37.6575361977337,-87.1551185249639));
#3775=CARTESIAN_POINT('',(5.40431115258275,72.7857325719763,-50.6127085883482));
#3776=CARTESIAN_POINT('Origin',(-20.7409227530064,37.8634340158756,-86.949220706822));
#3777=CARTESIAN_POINT('Origin',(10.3719619597291,37.156327234689,-86.949220706822));
#3778=CARTESIAN_POINT('',(38.8666848635787,37.156327234689,-86.2421139256355));
#3779=CARTESIAN_POINT('',(38.8666848635787,37.156327234689,-87.6563274880086));
#3780=CARTESIAN_POINT('',(10.3719619597291,37.156327234689,-86.2421139256355));
#3781=CARTESIAN_POINT('',(20.7409227530064,37.156327234689,-86.2421139256355));
#3782=CARTESIAN_POINT('Origin',(20.7409227530064,37.8634340158756,-86.949220706822));
#3783=CARTESIAN_POINT('Origin',(34.0629529114855,96.8635987786002,-27.2419491629108));
#3784=CARTESIAN_POINT('',(28.7999995827675,99.7315153758118,-23.6669257845126));
#3785=CARTESIAN_POINT('',(33.7093995208923,96.2600453880069,-27.1383957723175));
#3786=CARTESIAN_POINT('',(29.7999995827675,100.731515375812,-24.0811393468857));
#3787=CARTESIAN_POINT('',(28.7999995827675,99.7315153758118,-23.6669257845126));
#3788=CARTESIAN_POINT('',(34.4165063020788,97.4671521691935,-27.345502553504));
#3789=CARTESIAN_POINT('Origin',(29.2999995827675,79.7788718464583,-44.3266760950527));
#3790=CARTESIAN_POINT('',(28.7999995827675,93.8869697228026,-29.5114714375218));
#3791=CARTESIAN_POINT('',(28.7999995827675,79.425318455865,-43.9731227044594));
#3792=CARTESIAN_POINT('',(28.7999995827675,93.8869697228026,-29.5114714375218));
#3793=CARTESIAN_POINT('',(29.7999995827675,80.1324252370515,-44.680229485646));
#3794=CARTESIAN_POINT('Origin',(36.6128957349155,53.050909090956,-71.054638850555));
#3795=CARTESIAN_POINT('',(36.1167857937307,52.6533390770393,-70.7451020832851));
#3796=CARTESIAN_POINT('',(38.8666848635787,37.156327234689,-86.2421139256355));
#3797=CARTESIAN_POINT('Origin',(38.8666848635787,37.8634340158756,-86.949220706822));
#3798=CARTESIAN_POINT('Origin',(29.7999995827675,107.802583187677,-29.7379935963781));
#3799=CARTESIAN_POINT('',(-28.3059726847946,102.145728938185,-24.0811393468857));
#3800=CARTESIAN_POINT('',(-28.6612844964317,103.294270156216,-25.2296805649167));
#3801=CARTESIAN_POINT('',(-28.4171577345602,102.145728938185,-24.0811393468857));
#3802=CARTESIAN_POINT('',(14.8999995753169,102.145728938185,-24.0811393468857));
#3803=CARTESIAN_POINT('',(-28.4171577345602,106.458461833705,-28.3938722424056));
#3804=CARTESIAN_POINT('Origin',(29.7999995827675,107.802583187677,-29.7379935963781));
#3805=CARTESIAN_POINT('',(28.7999995827675,102.145728938185,-24.0811393468857));
#3806=CARTESIAN_POINT('',(28.7999995827675,104.267049281745,-26.2024596904454));
#3807=CARTESIAN_POINT('',(28.3059726847946,102.145728938185,-24.0811393468857));
#3808=CARTESIAN_POINT('',(14.8999995753169,102.145728938185,-24.0811393468857));
#3809=CARTESIAN_POINT('',(26.5221418343574,96.3795168658013,-18.3149272745022));
#3810=CARTESIAN_POINT('Origin',(29.2999995827675,103.913495891151,-26.5560130810387));
#3811=CARTESIAN_POINT('',(29.7999995827675,101.745780197115,-25.0954041681891));
#3812=CARTESIAN_POINT('',(29.7999995827675,103.559942500558,-26.9095664716319));
#3813=CARTESIAN_POINT('',(29.535846275152,101.650754191354,-24.6268089722527));
#3814=CARTESIAN_POINT('',(31.0955095441704,102.211824473323,-27.3935762020025));
#3815=CARTESIAN_POINT('',(29.4999995827675,101.650754191354,-24.5761140937163));
#3816=CARTESIAN_POINT('',(30.2500391931293,101.650754191354,-25.636830283007));
#3817=CARTESIAN_POINT('',(20.3501184101276,108.120697215579,-18.1061710694916));
#3818=CARTESIAN_POINT('Origin',(29.7999995827675,93.6604475639463,-29.7379935963781));
#3819=CARTESIAN_POINT('',(29.7999995827675,99.3317208047754,-31.0485666785869));
#3820=CARTESIAN_POINT('Origin',(0.00300116645180815,65.1901893477837,-58.2082518125408));
#3821=CARTESIAN_POINT('Origin',(-28.9171577345602,106.104908443111,-28.7474256329988));
#3822=CARTESIAN_POINT('',(-29.1602737460213,101.620266567272,-24.6066017177982));
#3823=CARTESIAN_POINT('',(-20.0629872400391,108.053019546049,-18.1738487390212));
#3824=CARTESIAN_POINT('',(-29.4171577345602,101.515452711542,-24.8650766826161));
#3825=CARTESIAN_POINT('',(-16.0649966803089,106.963404101534,-11.4302208226961));
#3826=CARTESIAN_POINT('',(-29.4171577345602,105.751355052518,-29.1009790235921));
#3827=CARTESIAN_POINT('Origin',(-29.4171577345602,98.0432726678666,-34.1208187002985));
#3828=CARTESIAN_POINT('',(-29.4171577345602,97.9495605679,-33.6587026774915));
#3829=CARTESIAN_POINT('',(-29.4171577345602,99.7110657483012,-29.3147637358435));
#3830=CARTESIAN_POINT('',(-29.4171577345602,98.0378315472637,-34.0939872771041));
#3831=CARTESIAN_POINT('Origin',(-4.32133679950653E-7,98.0323904266608,-34.0671558539098));
#3832=CARTESIAN_POINT('',(-4.32133679950653E-7,97.9495605679,-33.6587026774915));
#3833=CARTESIAN_POINT('',(-4.32133679950653E-7,98.1152202854215,-34.475609030328));
#3834=CARTESIAN_POINT('Origin',(29.9999995827675,101.620266567272,-24.6066017177982));
#3835=CARTESIAN_POINT('',(-29.5000004470348,101.620266567272,-24.6066017177982));
#3836=CARTESIAN_POINT('',(14.9999995753169,101.620266567272,-24.6066017177982));
#3837=CARTESIAN_POINT('',(-23.3012908109518,107.599851310114,-9.86071773839529));
#3838=CARTESIAN_POINT('Origin',(-30.0000004470348,100.590094019574,-36.9504827644809));
#3839=CARTESIAN_POINT('',(-15.0000004395843,100.448672663337,-36.8090614082436));
#3840=CARTESIAN_POINT('Origin',(-29.7500004470348,112.292207090614,-14.2882145850501));
#3841=CARTESIAN_POINT('',(-29.5000004470348,111.166208113291,-15.0606601717798));
#3842=CARTESIAN_POINT('',(-29.5000004470348,112.115430395317,-14.1114378897535));
#3843=CARTESIAN_POINT('',(-29.5000004470348,111.166208113291,-15.0606601717798));
#3844=CARTESIAN_POINT('Origin',(-4.32133679950653E-7,106.388033520239,-19.8388347648318));
#3845=CARTESIAN_POINT('',(-28.3059726847946,104.004150043756,-22.222718241315));
#3846=CARTESIAN_POINT('',(14.9999995753169,111.166208113291,-15.0606601717798));
#3847=CARTESIAN_POINT('Origin',(-30.0000004470348,107.096191221893,-30.0825263724191));
#3848=CARTESIAN_POINT('',(-23.0000003427267,84.4687738867489,-7.45510903727478));
#3849=CARTESIAN_POINT('',(-23.0000003427267,84.4687738867489,-7.45510903727478));
#3850=CARTESIAN_POINT('',(-23.0000003427267,84.4687738867489,-7.45510903727478));
#3851=CARTESIAN_POINT('Origin',(29.7499995827675,100.766870714871,-36.7737060691843));
#3852=CARTESIAN_POINT('',(29.9999995827675,98.3495561361844,-34.0028380999043));
#3853=CARTESIAN_POINT('Origin',(29.4999995827675,98.1152202854215,-34.475609030328));
#3854=CARTESIAN_POINT('',(29.4999995827675,97.9495605679,-33.6587026774915));
#3855=CARTESIAN_POINT('Origin',(-15.0000004395843,100.590094019574,-36.8090614082436));
#3856=CARTESIAN_POINT('Origin',(-4.32133677730207E-7,94.0136648494741,-11.));
#3857=CARTESIAN_POINT('',(18.9999998232197,91.0136648494741,-14.));
#3858=CARTESIAN_POINT('',(-19.0000004321337,91.0136648494741,-14.));
#3859=CARTESIAN_POINT('',(18.9999995685635,97.0136648494741,-7.99999999999998));
#3860=CARTESIAN_POINT('',(18.9999995678663,91.0136648494741,-14.));
#3861=CARTESIAN_POINT('',(18.9999995678663,97.0136648494741,-7.99999999999998));
#3862=CARTESIAN_POINT('Origin',(-4.32133677730207E-7,94.0136648494741,-11.));
#3863=CARTESIAN_POINT('',(-19.0000004321337,97.0136648494741,-7.99999999999999));
#3864=CARTESIAN_POINT('',(18.9999995678663,97.0136648494741,-7.99999999999998));
#3865=CARTESIAN_POINT('',(-19.0000004321337,91.0136648494741,-14.));
#3866=CARTESIAN_POINT('',(-19.0000004321337,97.0136648494741,-7.99999999999999));
#3867=CARTESIAN_POINT('',(-19.0000004321337,91.0136648494741,-14.));
#3868=CARTESIAN_POINT('Origin',(-4.32133677730207E-7,97.0136648494741,-6.99999999999999));
#3869=CARTESIAN_POINT('',(18.9999995678663,97.0136648494741,-7.99999999999999));
#3870=CARTESIAN_POINT('Origin',(-4.32133677730207E-7,97.0136648494741,-6.99999999999999));
#3871=CARTESIAN_POINT('',(-19.0000004321337,97.0136648494741,-6.));
#3872=CARTESIAN_POINT('Origin',(-29.5000004470348,120.2077964452,-11.4001027008334));
#3873=CARTESIAN_POINT('',(-29.5000004470348,120.2077964452,-11.4001027008334));
#3874=CARTESIAN_POINT('',(-29.5000004470348,120.2077964452,-11.4001027008334));
#3875=CARTESIAN_POINT('',(-29.5000004470348,121.024807785735,-11.5660215300146));
#3876=CARTESIAN_POINT('Origin',(-29.7500004470348,121.488201735378,-11.1514322765437));
#3877=CARTESIAN_POINT('',(-29.5000004470348,121.394384454672,-10.9197033015731));
#3878=CARTESIAN_POINT('Origin',(29.4999995827675,120.2077964452,-11.4001027008334));
#3879=CARTESIAN_POINT('',(29.4999995827675,120.2077964452,-11.4001027008334));
#3880=CARTESIAN_POINT('',(29.4999995827675,120.2077964452,-11.4001027008334));
#3881=CARTESIAN_POINT('',(29.9999995827675,120.551894614706,-11.8002151401725));
#3882=CARTESIAN_POINT('Origin',(29.9999995827675,120.616302115468,-11.483062115424));
#3883=CARTESIAN_POINT('',(29.9999995827675,120.2077964452,-11.4001027008334));
#3884=CARTESIAN_POINT('Origin',(29.7499995827675,100.837413340457,-25.7430083352068));
#3885=CARTESIAN_POINT('',(29.4999995827675,101.620266567272,-24.6066017177982));
#3886=CARTESIAN_POINT('',(29.4999995827675,111.166208113291,-15.0606601717798));
#3887=CARTESIAN_POINT('',(29.9999995827675,111.447961809425,-15.4860132568325));
#3888=CARTESIAN_POINT('',(29.4999995827675,100.66063664516,-25.5662316399102));
#3889=CARTESIAN_POINT('Origin',(29.7499995827675,99.6298610808094,-30.1802874151224));
#3890=CARTESIAN_POINT('Origin',(29.7499995827675,107.662082377779,-16.7490444051606));
#3891=CARTESIAN_POINT('',(29.4999995827675,107.568265097073,-16.51731543019));
#3892=CARTESIAN_POINT('Origin',(-4.32133679950653E-7,106.388033520239,-19.8388347648318));
#3893=CARTESIAN_POINT('',(14.9999995753169,111.166208113291,-15.0606601717798));
#3894=CARTESIAN_POINT('',(28.3059726847946,104.004150043756,-22.222718241315));
#3895=CARTESIAN_POINT('Origin',(29.9999995827675,120.671254395142,-11.2124681394213));
#3896=CARTESIAN_POINT('',(14.9999995753169,111.166208113291,-15.0606601717798));
#3897=CARTESIAN_POINT('Origin',(-4.32133679950653E-7,106.388033520239,-19.8388347648318));
#3898=CARTESIAN_POINT('',(-19.0000004321337,104.004150043756,-22.222718241315));
#3899=CARTESIAN_POINT('',(18.9999997452618,104.004150043756,-22.222718241315));
#3900=CARTESIAN_POINT('Origin',(18.9999995678663,107.277120816765,-30.2634559672906));
#3901=CARTESIAN_POINT('Origin',(-19.0000004321337,84.4687738867489,-7.45510903727479));
#3902=CARTESIAN_POINT('Origin',(23.0000003427267,84.4687738867489,-7.45510903727477));
#3903=CARTESIAN_POINT('',(23.0000003427267,84.4687738867489,-7.45510903727477));
#3904=CARTESIAN_POINT('',(23.0000003427267,84.4687738867489,-7.45510903727477));
#3905=CARTESIAN_POINT('',(23.0000003427267,84.4687738867489,-7.45510903727477));
#3906=CARTESIAN_POINT('Origin',(19.0000002831221,84.4687738867489,-7.45510903727477));
#3907=CARTESIAN_POINT('',(19.0000002831221,84.4687738867489,-7.45510903727477));
#3908=CARTESIAN_POINT('',(19.0000002831221,84.4687738867489,-7.45510903727477));
#3909=CARTESIAN_POINT('',(19.0000002831221,84.4687738867489,-7.45510903727477));
#3910=CARTESIAN_POINT('Origin',(18.9999995678663,107.277120816765,-30.2634559672906));
#3911=CARTESIAN_POINT('',(19.0000002831221,84.4687738867489,-7.45510903727477));
#3912=CARTESIAN_POINT('Origin',(-19.0000004321337,84.4687738867489,-7.45510903727479));
#3913=CARTESIAN_POINT('',(-19.0000003579274,84.4687738867489,-7.45510903727479));
#3914=CARTESIAN_POINT('',(-19.0000002831221,84.4687738867489,-7.45510903727478));
#3915=CARTESIAN_POINT('',(-19.0000004321337,91.0136648494741,-14.));
#3916=CARTESIAN_POINT('Origin',(-23.0000003427267,84.4687738867489,-7.45510903727478));
#3917=CARTESIAN_POINT('',(-19.0000002831221,84.4687738867489,-7.45510903727478));
#3918=CARTESIAN_POINT('Origin',(18.9999995678663,91.0136648494741,-14.));
#3919=CARTESIAN_POINT('',(0.,0.,0.));
#3920=UNCERTAINTY_MEASURE_WITH_UNIT(LENGTH_MEASURE(0.01),#3926,
'DISTANCE_ACCURACY_VALUE',
'Maximum model space distance between geometric entities at asserted c
onnectivities');
#3921=UNCERTAINTY_MEASURE_WITH_UNIT(LENGTH_MEASURE(0.01),#3926,
'DISTANCE_ACCURACY_VALUE',
'Maximum model space distance between geometric entities at asserted c
onnectivities');
#3922=UNCERTAINTY_MEASURE_WITH_UNIT(LENGTH_MEASURE(0.01),#3926,
'DISTANCE_ACCURACY_VALUE',
'Maximum model space distance between geometric entities at asserted c
onnectivities');
#3923=(
GEOMETRIC_REPRESENTATION_CONTEXT(3)
GLOBAL_UNCERTAINTY_ASSIGNED_CONTEXT((#3920))
GLOBAL_UNIT_ASSIGNED_CONTEXT((#3926,#3928,#3929))
REPRESENTATION_CONTEXT('','3D')
);
#3924=(
GEOMETRIC_REPRESENTATION_CONTEXT(3)
GLOBAL_UNCERTAINTY_ASSIGNED_CONTEXT((#3921))
GLOBAL_UNIT_ASSIGNED_CONTEXT((#3926,#3928,#3929))
REPRESENTATION_CONTEXT('','3D')
);
#3925=(
GEOMETRIC_REPRESENTATION_CONTEXT(3)
GLOBAL_UNCERTAINTY_ASSIGNED_CONTEXT((#3922))
GLOBAL_UNIT_ASSIGNED_CONTEXT((#3926,#3928,#3929))
REPRESENTATION_CONTEXT('','3D')
);
#3926=(
LENGTH_UNIT()
NAMED_UNIT(*)
SI_UNIT(.MILLI.,.METRE.)
);
#3927=(
LENGTH_UNIT()
NAMED_UNIT(*)
SI_UNIT($,.METRE.)
);
#3928=(
NAMED_UNIT(*)
PLANE_ANGLE_UNIT()
SI_UNIT($,.RADIAN.)
);
#3929=(
NAMED_UNIT(*)
SI_UNIT($,.STERADIAN.)
SOLID_ANGLE_UNIT()
);
#3930=SHAPE_DEFINITION_REPRESENTATION(#3932,#3935);
#3931=SHAPE_DEFINITION_REPRESENTATION(#3933,#3936);
#3932=PRODUCT_DEFINITION_SHAPE('',$,#3938);
#3933=PRODUCT_DEFINITION_SHAPE('',$,#3939);
#3934=PRODUCT_DEFINITION_SHAPE($,$,#14);
#3935=SHAPE_REPRESENTATION('',(#2296,#2444),#3923);
#3936=SHAPE_REPRESENTATION('',(#2297),#3924);
#3937=PRODUCT_DEFINITION_CONTEXT('part definition',#3945,'design');
#3938=PRODUCT_DEFINITION('Nomad 9.1','adamaas-nomad',#3940,#3937);
#3939=PRODUCT_DEFINITION('2026-06-19-12-41-31-341','Stand',#3941,#3937);
#3940=PRODUCT_DEFINITION_FORMATION('',$,#3947);
#3941=PRODUCT_DEFINITION_FORMATION('',$,#3948);
#3942=PRODUCT_RELATED_PRODUCT_CATEGORY('adamaas-nomad','adamaas-nomad',
(#3947));
#3943=PRODUCT_RELATED_PRODUCT_CATEGORY('Stand','Stand',(#3948));
#3944=APPLICATION_PROTOCOL_DEFINITION('international standard',
'automotive_design',2009,#3945);
#3945=APPLICATION_CONTEXT(
'Core Data for Automotive Mechanical Design Process');
#3946=PRODUCT_CONTEXT('part definition',#3945,'mechanical');
#3947=PRODUCT('Nomad 9.1','adamaas-nomad',$,(#3946));
#3948=PRODUCT('2026-06-19-12-41-31-341','Stand',$,(#3946));
#3949=PRESENTATION_STYLE_ASSIGNMENT((#3951));
#3950=PRESENTATION_STYLE_ASSIGNMENT((#3952));
#3951=SURFACE_STYLE_USAGE(.BOTH.,#3953);
#3952=SURFACE_STYLE_USAGE(.BOTH.,#3954);
#3953=SURFACE_SIDE_STYLE('',(#3955));
#3954=SURFACE_SIDE_STYLE('',(#3956));
#3955=SURFACE_STYLE_FILL_AREA(#3957);
#3956=SURFACE_STYLE_FILL_AREA(#3958);
#3957=FILL_AREA_STYLE('Steel - Satin',(#3959));
#3958=FILL_AREA_STYLE('Opaque(159,159,159)',(#3960));
#3959=FILL_AREA_STYLE_COLOUR('Steel - Satin',#3961);
#3960=FILL_AREA_STYLE_COLOUR('Opaque(159,159,159)',#3962);
#3961=COLOUR_RGB('Steel - Satin',0.627450980392157,0.627450980392157,0.627450980392157);
#3962=COLOUR_RGB('Opaque(159,159,159)',0.623529411764706,0.623529411764706,
0.623529411764706);
ENDSEC;
END-ISO-10303-21;
